Text,Count,Variants,Details
Awesome!,44861,15,"[['Awesome!', '/', 40008], ['Awesome!', '/?h=', 3277], ['awesome', '/?h=617765736f6d65', 812], ['Awesome!', '/ball/', 170], ['Awesome!', '/dots.html', 95], ['Awesome!', '/index2.htm', 88], ['Awesome!', '/.html', 64], ['Awesome!', '/?h=417765736f6d6521', 55], ['Awesome!', '/lhi/', 55], ['Awesome!', '/index.html', 52], ['Awesome!', '/bulles/', 43], ['Awesome!', '/lab/enjoy/', 40], ['Awesome!', '/~tushar199/', 36], ['Awesome!', '/mooo/Spainish Book/index.php', 34], ['Awesome', '/?h=417765736f6d65', 32]]"
Happy Diwali,5963,11,"[['Happy Diwali', '/?h=486170707920446977616c69', 1756], ['          happy diwali', '/?h=20202020202020202020686170707920646977616c69', 1538], ['happy diwali', '/?h=686170707920646977616c69', 1436], ['HAPPY DIWALI', '/?h=484150505920444957414c49', 402], ['Happy DIWALI', '/?h=486170707920444957414c49', 227], ['happy Diwali', '/?h=686170707920446977616c69', 198], ['Happy Diwali ', '/?h=486170707920446977616c69204', 151], ['HAPPY DEWALI', '/?h=484150505920444557414c49', 127], ['Happy Diwali ', '/?h=486170707920446977616c6920', 50], ['happy diwali...', '/?h=686170707920646977616c692e2e2e', 41], ['Happy diwali', '/?h=486170707920646977616c69', 37]]"
SURRENDER MONKEY,5516,1,"[['SURRENDER MONKEY', '/?h=53555252454e444552204d4f4e4b4559', 5516]]"
Google,3556,3,"[['Google', '/?h=476f6f676c65', 2578], ['google', '/?h=676f6f676c65', 862], ['GOOGLE', '/?h=474f4f474c45', 116]]"
@RobHawkes,2456,1,"[['@RobHawkes', '/?h=40526f624861776b6573', 2456]]"
100shiki,2367,1,"[['100shiki', '/?h=3130307368696b69', 2367]]"
hello,1622,7,"[['hello', '/?h=68656c6c6f', 949], ['Hello', '/?h=48656c6c6f', 370], ['Hello!', '/?h=48656c6c6f21', 150], ['hello', '/?t=hello&h=', 53], ['hello!', '/?h=68656c6c6f21', 37], ['HELLO', '/?h=48454c4c4f', 33], ['Hello!!!!!!!', '/?h=48656c6c6f21212121212121', 30]]"
EHOWA ROCKS,1477,1,"[['EHOWA ROCKS', '/?h=45484f574120524f434b53', 1477]]"
the Presurfer,1342,1,"[['the Presurfer', '/?h=74686520507265737572666572', 1342]]"
I love you,1245,10,"[['I love you', '/?h=49206c6f766520796f75', 316], ['i love you', '/?h=69206c6f766520796f75', 292], ['I love you!', '/?h=49206c6f766520796f7521', 166], ['I Love You', '/?h=49204c6f766520596f75', 117], ['I LOVE YOU', '/?h=49204c4f564520594f55', 116], ['i love u', '/?h=69206c6f76652075', 76], ['i love you!', '/?h=69206c6f766520796f7521', 53], ['I love you.', '/?h=49206c6f766520796f752e', 45], ['I love U', '/?h=49206c6f76652055', 33], ['I LOVE U', '/?h=49204c4f56452055', 31]]"
amaebi,1022,2,"[['amaebi', '/?h=616d61656269', 989], ['amaebi', '/?t=amaebi&h=', 33]]"
Hacker News,977,2,"[['Hacker News', '/?h=4861636b6572204e657773', 560], ['Hacker News!', '/?h=4861636b6572204e65777321', 417]]"
hi,947,5,"[['hi', '/?h=6869', 700], ['Hi', '/?h=4869', 103], ['hi', '/?t=hi&h=', 65], ['HI', '/?h=4849', 47], ['Hi!', '/?h=486921', 32]]"
"hi, reddit!",924,1,"[['hi, reddit!', '/?h=68692c2072656464697421', 924]]"
purplegem,693,1,"[['purplegem', '/?h=707572706c6567656d', 693]]"
test,677,4,"[['test', '/?h=74657374', 531], ['Test', '/?h=54657374', 80], ['test', '/?t=test&h=', 37], ['TEST', '/?h=54455354', 29]]"
ueba.com.br,658,1,"[['ueba.com.br', '/?h=756562612e636f6d2e6272', 658]]"
Korben,622,1,"[['Korben', '/?h=4b6f7262656e', 622]]"
Oink,615,1,"[['Oink', '/?h=4f696e6b', 615]]"
EHRENSENF,527,1,"[['EHRENSENF', '/?h=454852454e53454e46', 527]]"
.,510,3,"[['.', '/?h=2e', 251], ['..............................', '/?h=2e2e2e2e2e2e2e2e2e2e2e2e2e2e2e2e2e2e2e2e2e2e2e2e2e2e2e2e2e2e', 230], ['...', '/?h=2e2e2e', 29]]"
--happy diwali--,475,2,"[['--happy diwali--', '/?h=2d2d686170707920646977616c692d2d', 300], ['--Happy Diwali--', '/?h=2d2d486170707920446977616c692d2d', 175]]"
www.einfach-uebel.com,441,1,"[['www.einfach-uebel.com', '/?h=7777772e65696e666163682d756562656c2e636f6d', 441]]"
Happy Diwali to all...!!!,415,3,"[['Happy Diwali to all...!!!', '/?h=486170707920446977616c6920746f20616c6c2e2e2e212121', 167], ['happy diwali to all', '/?h=686170707920646977616c6920746f20616c6c', 150], ['Happy Diwali to all....!!!!!', '/?h=486170707920446977616c6920746f20616c6c2e2e2e2e2121212121', 98]]"
vincentdidier,408,1,"[['vincentdidier', '/?h=76696e63656e74646964696572', 408]]"
a,380,2,"[['a', '/?h=61', 266], ['A', '/?h=41', 114]]"
your are an asshole,380,1,"[['your are an asshole', '/?h=796f75722061726520616e20617373686f6c65', 380]]"
Good Morning,374,4,"[['Good Morning', '/?h=476f6f64204d6f726e696e67', 189], ['Good morning', '/?h=476f6f64206d6f726e696e67', 102], ['good morning', '/?h=676f6f64206d6f726e696e67', 54], ['Good Morning!', '/?h=476f6f64204d6f726e696e6721', 29]]"
fuck you,352,4,"[['fuck you', '/?h=6675636b20796f75', 190], ['Fuck you', '/?h=4675636b20796f75', 83], ['FUCK YOU', '/?h=4655434b20594f55', 50], ['Fuck You', '/?h=4675636b20596f75', 29]]"
je t'aime,340,2,"[[""je t'aime"", '/?h=6a6520742761696d65', 199], [""Je t'aime"", '/?h=4a6520742761696d65', 141]]"
reddit,335,2,"[['reddit', '/?h=726564646974', 211], ['Reddit', '/?h=526564646974', 124]]"
Bonjour la Meca,321,1,"[['Bonjour la Meca', '/?h=426f6e6a6f7572206c61204d656361', 321]]"
Dialetto Foggiano,305,1,"[['Dialetto Foggiano', '/?h=4469616c6574746f20466f676769616e6f', 305]]"
@RWW FTW!,297,1,"[['@RWW FTW!', '/?h=405257572046545721', 297]]"
fuck,295,3,"[['fuck', '/?h=6675636b', 168], ['FUCK', '/?h=4655434b', 77], ['Fuck', '/?h=4675636b', 50]]"
Happy Deewali,295,1,"[['Happy Deewali', '/?h=48617070792044656577616c69', 295]]"
ciao,282,2,"[['ciao', '/?h=6369616f', 245], ['Ciao', '/?h=4369616f', 37]]"
lol,279,2,"[['lol', '/?h=6c6f6c', 214], ['LOL', '/?h=4c4f4c', 65]]"
happy & jolly diwali,270,1,"[['happy & jolly diwali', '/?h=68617070792026206a6f6c6c7920646977616c69', 270]]"
happy birthday,249,3,"[['happy birthday', '/?h=6861707079206269727468646179', 99], ['Happy Birthday', '/?h=4861707079204269727468646179', 78], ['Happy Birthday!', '/?h=486170707920426972746864617921', 72]]"
Wassup OT,244,1,"[['Wassup OT', '/?h=576173737570204f54', 244]]"
Yamaska,239,1,"[['Yamaska', '/?h=59616d61736b61', 239]]"
SISTRIX,232,1,"[['SISTRIX', '/?h=53495354524958', 232]]"
Gold Bitches!!!,228,1,"[['Gold Bitches!!!', '/?h=476f6c642042697463686573212121', 228]]"
YOSHIDA,222,1,"[['YOSHIDA', '/?h=594f5348494441', 222]]"
<3,221,1,"[['<3', '/?h=3c33', 221]]"
NCLGISA,216,1,"[['NCLGISA', '/?h=4e434c47495341', 216]]"
FUCK ME!,207,2,"[['FUCK ME!', '/?h=4655434b204d4521', 148], ['fuck me', '/?h=6675636b206d65', 59]]"
:),206,1,"[[':)', '/?h=3a29', 206]]"
hello world,205,3,"[['hello world', '/?h=68656c6c6f20776f726c64', 97], ['Hello World', '/?h=48656c6c6f20576f726c64', 57], ['Hello World!', '/?h=48656c6c6f20576f726c6421', 51]]"
los rosales,199,1,"[['los rosales', '/?h=6c6f7320726f73616c6573', 199]]"
kikoo les twittos,190,1,"[['kikoo les twittos', '/?h=6b696b6f6f206c65732074776974746f73', 190]]"
Android France,187,1,"[['Android France', '/?h=416e64726f6964204672616e6365', 187]]"
www.netzwoche.ch,185,1,"[['www.netzwoche.ch', '/?h=7777772e6e65747a776f6368652e6368', 185]]"
O,182,2,"[['O', '/?h=4f', 103], ['o', '/?h=6f', 79]]"
hello there,180,1,"[['hello there', '/?h=68656c6c6f207468657265', 180]]"
cool,179,2,"[['cool', '/?h=636f6f6c', 145], ['Cool', '/?h=436f6f6c', 34]]"
Shira Lazar,176,1,"[['Shira Lazar', '/?h=5368697261204c617a6172', 176]]"
PaNNu751,175,1,"[['PaNNu751', '/?h=50614e4e75373531', 175]]"
RODDY PANTS!,174,1,"[['RODDY PANTS!', '/?h=524f4444592050414e545321', 174]]"
Manches!,170,1,"[['Manches!', '/?h=4d616e6368657321', 170]]"
Welcome,169,2,"[['Welcome', '/?h=57656c636f6d65', 132], ['welcome', '/?h=77656c636f6d65', 37]]"
Lance Ulanoff,167,1,"[['Lance Ulanoff', '/?h=4c616e636520556c616e6f6666', 167]]"
Graphism.fr,167,1,"[['Graphism.fr', '/?h=477261706869736d2e6672', 167]]"
fuck off!!!!,166,2,"[['fuck off!!!!', '/?h=6675636b206f666621212121', 103], ['fuck off', '/?h=6675636b206f6666', 63]]"
Ignite the Spirit,165,1,"[['Ignite the Spirit', '/?h=49676e6974652074686520537069726974', 165]]"
Paris je t'aime,159,1,"[[""Paris je t'aime"", '/?h=5061726973206a6520742761696d65', 159]]"
hola,158,2,"[['hola', '/?h=686f6c61', 123], ['Hola', '/?h=486f6c61', 35]]"
Firefox,155,1,"[['Firefox', '/?h=46697265666f78', 155]]"
Miss Cellania,150,1,"[['Miss Cellania', '/?h=4d6973732043656c6c616e6961', 150]]"
penis,144,3,"[['penis', '/?h=70656e6973', 63], ['Penis', '/?h=50656e6973', 42], ['PENIS', '/?h=50454e4953', 39]]"
In love!,137,1,"[['In love!', '/?h=496e206c6f766521', 137]]"
love,136,2,"[['love', '/?h=6c6f7665', 88], ['LOVE', '/?h=4c4f5645', 48]]"
hey,129,2,"[['hey', '/?h=686579', 83], ['Hey', '/?h=486579', 46]]"
coucou,127,1,"[['coucou', '/?h=636f75636f75', 127]]"
iranproud,127,1,"[['iranproud', '/?h=6972616e70726f7564', 127]]"
PCMag,127,1,"[['PCMag', '/?h=50434d6167', 127]]"
Roberto,124,1,"[['Roberto', '/?h=526f626572746f', 124]]"
hi tumblr ,123,1,"[['hi tumblr ', '/?h=68692074756d626c7220', 123]]"
 ,122,2,"[[' ', '/?h=20', 86], ['', '/?h=1', 36]]"
Taylor,122,1,"[['Taylor', '/?h=5461796c6f72', 122]]"
:) Good Luck :),121,1,"[[':) Good Luck :)', '/?h=3a2920476f6f64204c75636b203a29', 121]]"
dezinfo.net,120,1,"[['dezinfo.net', '/?h=64657a696e666f2e6e6574', 120]]"
Extremisimo,116,1,"[['Extremisimo', '/?h=45787472656d6973696d6f', 116]]"
Balatarin,115,1,"[['Balatarin', '/?h=42616c61746172696e', 115]]"
GUNNAR Optiks,114,1,"[['GUNNAR Optiks', '/?h=47554e4e4152204f7074696b73', 114]]"
0B,114,1,"[['0B', '/?h=3042', 114]]"
iPader,113,2,"[['iPader', '/?h=695061646572', 68], ['iPader', '/?h=695061646572&name=ipader', 45]]"
Hi! my friend.,112,1,"[['Hi! my friend.', '/?h=486921206d7920667269656e642e', 112]]"
fuck you bitch,111,1,"[['fuck you bitch', '/?h=6675636b20796f75206269746368', 111]]"
Akki Tips,110,1,"[['Akki Tips', '/?h=416b6b692054697073', 110]]"
maososi,110,1,"[['maososi', '/?h=6d616f736f7369', 110]]"
FFFUUU-,108,1,"[['FFFUUU-', '/?h=4646465555552d', 108]]"
aaaaaaaaaaaaaaaaaaaaaaaaaaaaaa,108,1,"[['aaaaaaaaaaaaaaaaaaaaaaaaaaaaaa', '/?h=616161616161616161616161616161616161616161616161616161616161', 108]]"
abcdefghijklmnopqrstuvwxyz,107,2,"[['abcdefghijklmnopqrstuvwxyz', '/?h=6162636465666768696a6b6c6d6e6f707172737475767778797a', 76], ['ABCDEFGHIJKLMNOPQRSTUVWXYZ', '/?h=4142434445464748494a4b4c4d4e4f505152535455565758595a', 31]]"
!,106,2,"[['!', '/?h=21', 58], ['!!!!!!!!!!!!!!!!!!!!!!!!!!!!!!', '/?h=212121212121212121212121212121212121212121212121212121212121', 48]]"
hallo,105,2,"[['hallo', '/?h=68616c6c6f', 63], ['Hallo', '/?h=48616c6c6f', 42]]"
happy deepavali,103,1,"[['happy deepavali', '/?h=686170707920646565706176616c69', 103]]"
SEX,102,2,"[['SEX', '/?h=534558', 58], ['sex', '/?h=736578', 44]]"
ibnuclear,102,1,"[['ibnuclear', '/?h=69626e75636c656172', 102]]"
perlitas.es,99,1,"[['perlitas.es', '/?h=7065726c697461732e6573', 99]]"
4fuckr,97,1,"[['4fuckr', '/?h=346675636b72', 97]]"
bonjour,95,2,"[['bonjour', '/?h=626f6e6a6f7572', 51], ['Bonjour', '/?h=426f6e6a6f7572', 44]]"
Nigga you gay,95,1,"[['Nigga you gay', '/?h=4e6967676120796f7520676179', 95]]"
:-),95,1,"[[':-)', '/?h=3a2d29', 95]]"
Have a good day!,94,1,"[['Have a good day!', '/?h=48617665206120676f6f642064617921', 94]]"
Happy Diw@li to @ll of You,94,1,"[['Happy Diw@li to @ll of You', '/?h=486170707920446977406c6920746f20406c6c206f6620596f75', 94]]"
Miss You Kobe,92,1,"[['Miss You Kobe', '/?h=4d69737320596f75204b6f6265', 92]]"
Faiz Ahmed,92,1,"[['Faiz Ahmed', '/?h=4661697a2041686d6564', 92]]"
Mobigeeks,91,1,"[['Mobigeeks', '/?h=4d6f62696765656b73', 91]]"
Youhou,90,1,"[['Youhou', '/?h=596f75686f75', 90]]"
i,89,2,"[['i', '/?h=69', 59], ['I', '/?h=49', 30]]"
Langocha rUl3z,89,1,"[['Langocha rUl3z', '/?t=Langocha+rUl3z&h=', 89]]"
I LOVE YOU LEYA x,88,1,"[['I LOVE YOU LEYA x', '/?h=49204c4f564520594f55204c4559412078', 88]]"
123,86,1,"[['123', '/?h=313233', 86]]"
TIESTO,85,1,"[['TIESTO', '/?h=54494553544f', 85]]"
Geek&Hype,85,1,"[['Geek&Hype', '/?h=4765656b2648797065', 85]]"
balls,84,1,"[['balls', '/?h=62616c6c73', 84]]"
"Nice, a :)",84,1,"[['Nice, a :)', '/?h=4e6963652c2061203a29', 84]]"
cow,84,1,"[['cow', '/?h=636f77', 84]]"
Mohammed TAHRI,83,1,"[['Mohammed TAHRI', '/?h=4d6f68616d6d6564205441485249', 83]]"
@,82,1,"[['@', '/?h=40', 82]]"
Bon pour glander,82,1,"[['Bon pour glander', '/index.php?h=426f6e20706f757220676c616e646572', 82]]"
Have Happy And Safe  Diwali ,82,1,"[['Have Happy And Safe  Diwali ', '/?h=4861766520486170707920416e6420536166652020446977616c6920', 82]]"
santhosh vitt,82,1,"[['santhosh vitt', '/?h=73616e74686f73682076697474', 82]]"
Happy Dipawali,82,1,"[['Happy Dipawali', '/?h=4861707079204469706177616c69', 82]]"
maodokusen,81,1,"[['maodokusen', '/?h=6d616f646f6b7573656e', 81]]"
e,81,1,"[['e', '/?h=65', 81]]"
Appleby School,80,1,"[['Appleby School', '/?h=4170706c656279205363686f6f6c', 80]]"
0day,79,1,"[['0day', '/?h=30646179', 79]]"
Hi Flescio!,77,1,"[['Hi Flescio!', '/?h=486920466c657363696f21', 77]]"
David,76,2,"[['David', '/?h=4461766964', 44], ['david', '/?h=6461766964', 32]]"
BEST,76,1,"[['BEST', '/?h=42455354', 76]]"
TF2.fr,76,1,"[['TF2.fr', '/?h=5446322e6672', 76]]"
nigger,75,1,"[['nigger', '/?h=6e6967676572', 75]]"
Hello Betsy!,73,1,"[['Hello Betsy!', '/?h=48656c6c6f20426574737921', 73]]"
Pac-Man,73,1,"[['Pac-Man', '/?h=5061632d4d616e', 73]]"
Yongfook,72,1,"[['Yongfook', '/?h=596f6e67666f6f6b', 72]]"
bio-medical,70,1,"[['bio-medical', '/?h=62696f2d6d65646963616c', 70]]"
Bongio,69,1,"[['Bongio', '/?h=426f6e67696f', 69]]"
Savvy7 ,68,1,"[['Savvy7 ', '/?h=53617676793720', 68]]"
TechZing,68,1,"[['TechZing', '/?h=546563685a696e67', 68]]"
poop,68,1,"[['poop', '/?h=706f6f70', 68]]"
:D,67,1,"[[':D', '/?h=3a44', 67]]"
Huggles To You,66,1,"[['Huggles To You', '/?h=487567676c657320546f20596f75', 66]]"
aaa,66,1,"[['aaa', '/?h=616161', 66]]"
love you,66,1,"[['love you', '/?h=6c6f766520796f75', 66]]"
puli /\,65,1,"[['puli /\\', '/?h=70756c69202f5c', 65]]"
paperboy&co.,65,1,"[['paperboy&co.', '/?h=7061706572626f7926636f2e', 65]]"
www.cowcotland.com,65,1,"[['www.cowcotland.com', '/?h=7777772e636f77636f746c616e642e636f6d', 65]]"
Correjaco,65,1,"[['Correjaco', '/?h=436f7272656a61636f', 65]]"
"awesome, try it",65,1,"[['awesome, try it', '/?h=617765736f6d652c20747279206974', 65]]"
"nice, ok?",65,1,"[['nice, ok?', '/?h=6e6963652c206f6b3f', 65]]"
1,64,1,"[['1', '/?h=31', 64]]"
fuck u bitch,64,1,"[['fuck u bitch', '/?h=6675636b2075206269746368', 64]]"
GAP NAME,63,1,"[['GAP NAME', '/?h=474150204e414d45', 63]]"
Hi Niki!!!,63,1,"[['Hi Niki!!!', '/?h=4869204e696b69212121', 63]]"
Backtrack,63,1,"[['Backtrack', '/?h=4261636b747261636b', 63]]"
hai,63,1,"[['hai', '/?h=686169', 63]]"
teknologeek.com,63,1,"[['teknologeek.com', '/?h=74656b6e6f6c6f6765656b2e636f6d', 63]]"
dancing girls!,62,1,"[['dancing girls!', '/?h=64616e63696e67206769726c7321', 62]]"
I love you! <3,62,1,"[['I love you! <3', '/?h=49206c6f766520796f7521203c33', 62]]"
(o)(o),62,1,"[['(o)(o)', '/?h=286f29286f29', 62]]"
salut,61,1,"[['salut', '/?h=73616c7574', 61]]"
Nony is a baby,59,1,"[['Nony is a baby', '/?h=4e6f6e7920697320612062616279', 59]]"
happy,59,1,"[['happy', '/?h=6861707079', 59]]"
Young Writers Society,58,1,"[['Young Writers Society', '/?h=596f756e67205772697465727320536f6369657479', 58]]"
Diwali Wishes   From Satya,58,1,"[['Diwali Wishes   From Satya', '/?h=446977616c692057697368657320202046726f6d205361747961', 58]]"
ASAP,58,1,"[['ASAP', '/?h=41534150', 58]]"
$,57,1,"[['$', '/?h=24', 57]]"
Pinceladas da Web,57,1,"[['Pinceladas da Web', '/?h=50696e63656c6164617320646120576562', 57]]"
kromack,56,1,"[['kromack', '/?h=6b726f6d61636b', 56]]"
Media Interaktywne,56,1,"[['Media Interaktywne', '/?h=4d6564696120496e746572616b7479776e65', 56]]"
GAY PRIDE,55,1,"[['GAY PRIDE', '/?h=474159205052494445', 55]]"
yo,55,1,"[['yo', '/?h=796f', 55]]"
humbroll,55,1,"[['humbroll', '/?h=68756d62726f6c6c', 55]]"
dorxtar needs pussy,55,1,"[['dorxtar needs pussy', '/?h=646f7278746172206e65656473207075737379', 55]]"
COOL STORY BRO,55,1,"[['COOL STORY BRO', '/?h=434f4f4c2053544f52592042524f', 55]]"
KUZYA,54,1,"[['KUZYA', '/?h=4b555a5941', 54]]"
llllllllllllllllllllllllllllll,54,1,"[['llllllllllllllllllllllllllllll', '/?h=6c6c6c6c6c6c6c6c6c6c6c6c6c6c6c6c6c6c6c6c6c6c6c6c6c6c6c6c6c6c', 54]]"
Have a great day!!,54,1,"[['Have a great day!!', '/?h=486176652061206772656174206461792121', 54]]"
Ronan,53,1,"[['Ronan', '/?h=526f6e616e', 53]]"
"Buona giornata, Fabio",53,1,"[['Buona giornata, Fabio', '/?h=42756f6e612067696f726e6174612c20466162696f', 53]]"
www.3rd-wing.net,53,1,"[['www.3rd-wing.net', '/?h=7777772e3372642d77696e672e6e6574', 53]]"
I love Mal. xxx,52,1,"[['I love Mal. xxx', '/?h=49206c6f7665204d616c2e20787878', 52]]"
cultural latency,52,1,"[['cultural latency', '/?h=63756c747572616c206c6174656e6379', 52]]"
Hapy Diwali,52,1,"[['Hapy Diwali', '/?h=4861707920446977616c69', 52]]"
toto,52,1,"[['toto', '/?h=746f746f', 52]]"
1234567890,52,1,"[['1234567890', '/?h=31323334353637383930', 52]]"
&e,51,1,"[['&e', '/?h=2665', 51]]"
hehe,51,1,"[['hehe', '/?h=68656865', 51]]"
Fredag,51,1,"[['Fredag', '/?h=467265646167', 51]]"
happy diwali :),51,1,"[['happy diwali :)', '/?h=686170707920646977616c69203a29', 51]]"
INFOWEB,51,1,"[['INFOWEB', '/?h=494e464f574542', 51]]"
Connecting,51,1,"[['Connecting', '/?h=436f6e6e656374696e67', 51]]"
How you doing? ;),50,1,"[['How you doing? ;)', '/?h=486f7720796f7520646f696e673f203b29', 50]]"
Creads,50,1,"[['Creads', '/?h=437265616473', 50]]"
ti amo,50,1,"[['ti amo', '/?h=746920616d6f', 50]]"
giulio compri,50,1,"[['giulio compri', '/?h=6769756c696f20636f6d707269', 50]]"
dave quitoriano,50,1,"[['dave quitoriano', '/?h=6461766520717569746f7269616e6f', 50]]"
Verpiss dich!,50,1,"[['Verpiss dich!', '/?h=56657270697373206469636821', 50]]"
*,50,1,"[['*', '/?h=2a', 50]]"
Entraide Info,49,1,"[['Entraide Info', '/?h=456e74726169646520496e666f', 49]]"
k,49,1,"[['k', '/?h=6b', 49]]"
Spencer Rawks,49,1,"[['Spencer Rawks', '/?h=5370656e636572205261776b73', 49]]"
bite me,49,1,"[['bite me', '/?h=62697465206d65', 49]]"
karthik,49,1,"[['karthik', '/?h=6b61727468696b', 49]]"
b,48,1,"[['b', '/?h=62', 48]]"
Mrs. Coggin,48,1,"[['Mrs. Coggin', '/?h=4d72732e20436f6767696e', 48]]"
Lars pue des pieds !,48,1,"[['Lars pue des pieds !', '/?h=4c61727320707565206465732070696564732021', 48]]"
happy diwali !!,48,1,"[['happy diwali !!', '/?h=686170707920646977616c69202121', 48]]"
Vaffanculo,47,1,"[['Vaffanculo', '/?h=56616666616e63756c6f', 47]]"
Prince of Peace,47,1,"[['Prince of Peace', '/?h=5072696e6365206f66205065616365', 47]]"
appy diwali,47,1,"[['appy diwali', '/?h=6170707920646977616c69', 47]]"
FB /Lara.Online,47,1,"[['FB /Lara.Online', '/?h=4642202f4c6172612e4f6e6c696e65', 47]]"
10/10/10 HERE.,47,1,"[['10/10/10 HERE.', '/?h=31302f31302f313020484552452e', 47]]"
JUMP SHISHIORI,47,1,"[['JUMP SHISHIORI', '/?h=4a554d50205348495348494f5249', 47]]"
BINGO!,47,1,"[['BINGO!', '/?h=42494e474f21', 47]]"
I'm just Great Ann...How are y,47,1,"[[""I'm just Great Ann...How are y"", '/?h=49276d206a75737420477265617420416e6e2e2e2e486f77206172652079', 47]]"
andysnat woz here,46,1,"[['andysnat woz here', '/?h=616e6479736e617420776f7a2068657265', 46]]"
HELLO MON COUER,46,1,"[['HELLO MON COUER', '/?h=48454c4c4f204d4f4e20434f554552', 46]]"
www.boldmind.pl,46,1,"[['www.boldmind.pl', '/?h=7777772e626f6c646d696e642e706c', 46]]"
Je t'aime <3,46,1,"[[""Je t'aime <3"", '/?h=4a6520742761696d65203c33', 46]]"
KARTIK MATTOO,46,1,"[['KARTIK MATTOO', '/?h=4b415254494b204d4154544f4f', 46]]"
play with my balls,46,1,"[['play with my balls', '/?h=706c61792077697468206d792062616c6c73', 46]]"
Ana,46,1,"[['Ana', '/?h=416e61', 46]]"
wow,46,1,"[['wow', '/?h=776f77', 46]]"
Dotty-dots!,46,1,"[['Dotty-dots!', '/?h=446f7474792d646f747321', 46]]"
Oelwein,46,1,"[['Oelwein', '/?h=4f656c7765696e', 46]]"
0,45,1,"[['0', '/?h=30', 45]]"
abc,45,1,"[['abc', '/?h=616263', 45]]"
Friends forever,45,1,"[['Friends forever', '/?h=467269656e647320666f7265766572', 45]]"
s,45,1,"[['s', '/?h=73', 45]]"
Marinka i Artemka,45,1,"[['Marinka i Artemka', '/?h=4d6172696e6b61206920417274656d6b61', 45]]"
Bieres'N'Parks,44,1,"[[""Bieres'N'Parks"", '/?h=426965726573274e275061726b73', 44]]"
Vota Marco Micale,44,1,"[['Vota Marco Micale', '/?h=566f7461204d6172636f204d6963616c65', 44]]"
Alex,44,1,"[['Alex', '/?h=416c6578', 44]]"
Naver Japan,44,1,"[['Naver Japan', '/?h=4e61766572204a6170616e', 44]]"
Happy Navratri,44,1,"[['Happy Navratri', '/?h=4861707079204e61767261747269', 44]]"
SODOMIE,44,1,"[['SODOMIE', '/?h=534f444f4d4945', 44]]"
Live Unmuted.,44,1,"[['Live Unmuted.', '/?h=4c69766520556e6d757465642e', 44]]"
Coucou !,43,1,"[['Coucou !', '/?h=436f75636f752021', 43]]"
Tyler Sawey 277,43,1,"[['Tyler Sawey 277', '/?h=54796c657220536177657920323737', 43]]"
sabamisonteisyoku,43,1,"[['sabamisonteisyoku', '/?h=736162616d69736f6e74656973796f6b75', 43]]"
brokenbottleboy,43,1,"[['brokenbottleboy', '/?h=62726f6b656e626f74746c65626f79', 43]]"
#,43,1,"[['#', '/?h=23', 43]]"
MySocialGeek,43,1,"[['MySocialGeek', '/?h=4d79536f6369616c4765656b', 43]]"
message,42,1,"[['message', '/?h=6d657373616765', 42]]"
te quiero,42,1,"[['te quiero', '/?h=74652071756965726f', 42]]"
neoprint,42,1,"[['neoprint', '/?h=6e656f7072696e74', 42]]"
KevinNag,41,1,"[['KevinNag', '/?h=4b6576696e4e6167', 41]]"
You Better Work!,41,1,"[['You Better Work!', '/?h=596f752042657474657220576f726b21', 41]]"
Arpeggio,41,1,"[['Arpeggio', '/?h=417270656767696f', 41]]"
asdf,41,1,"[['asdf', '/?h=61736466', 41]]"
serina you rock !,41,1,"[['serina you rock !', '/?h=736572696e6120796f7520726f636b2021', 41]]"
Nick,41,1,"[['Nick', '/?h=4e69636b', 41]]"
Sleepwalker,40,1,"[['Sleepwalker', '/?h=536c65657077616c6b6572', 40]]"
eat a dick,40,1,"[['eat a dick', '/?h=6561742061206469636b', 40]]"
caca,40,1,"[['caca', '/?h=63616361', 40]]"
Ich liebe Dich Sander,40,1,"[['Ich liebe Dich Sander', '/?h=496368206c6965626520446963682053616e646572', 40]]"
0B0D0F0H0J,40,1,"[['0B0D0F0H0J', '/?h=3042304430463048304a', 40]]"
Hello Jacob!,40,1,"[['Hello Jacob!', '/?h=48656c6c6f204a61636f6221', 40]]"
123456789,39,1,"[['123456789', '/?h=313233343536373839', 39]]"
Sammy's Life,39,1,"[[""Sammy's Life"", '/?h=53616d6d792773204c696665', 39]]"
&,39,1,"[['&', '/?h=26', 39]]"
Guten Morgen!,39,1,"[['Guten Morgen!', '/?h=477574656e204d6f7267656e21', 39]]"
te amo,39,1,"[['te amo', '/?h=746520616d6f', 39]]"
I love you <3,39,1,"[['I love you <3', '/?h=49206c6f766520796f75203c33', 39]]"
wish u happy DIWALI,39,1,"[['wish u happy DIWALI', '/?h=77697368207520686170707920444957414c49', 39]]"
prout,39,1,"[['prout', '/?h=70726f7574', 39]]"
Rakshit Ashtekar,39,1,"[['Rakshit Ashtekar', '/?h=52616b736869742041736874656b6172', 39]]"
kiss kiss,39,1,"[['kiss kiss', '/?h=6b697373206b697373', 39]]"
Kelly,39,1,"[['Kelly', '/?h=4b656c6c79', 39]]"
scemo chi legge,39,1,"[['scemo chi legge', '/?h=7363656d6f20636869206c65676765', 39]]"
nudes?,38,1,"[['nudes?', '/?h=6e756465733f', 38]]"
B&W,38,1,"[['B&W', '/?h=422657', 38]]"
SNKSN,38,1,"[['SNKSN', '/?h=534e4b534e', 38]]"
||||||||||||||||||||||||||||||,38,1,"[['||||||||||||||||||||||||||||||', '/?h=7c7c7c7c7c7c7c7c7c7c7c7c7c7c7c7c7c7c7c7c7c7c7c7c7c7c7c7c7c7c', 38]]"
rOnnie <3 Ana,38,1,"[['rOnnie <3 Ana', '/?h=724f6e6e6965203c3320416e61', 38]]"
MaiMaiki,37,1,"[['MaiMaiki', '/?h=4d61694d61696b69', 37]]"
Happy Bday Hef,37,1,"[['Happy Bday Hef', '/?h=4861707079204264617920486566', 37]]"
happy diwali 2u and ur family,37,1,"[['happy diwali 2u and ur family', '/?h=686170707920646977616c6920327520616e642075722066616d696c79', 37]]"
Action Club,37,1,"[['Action Club', '/?h=416374696f6e20436c7562', 37]]"
Franck LAPCHIN,37,1,"[['Franck LAPCHIN', '/?h=4672616e636b204c41504348494e', 37]]"
sei fantastica <3,37,1,"[['sei fantastica <3', '/?h=7365692066616e74617374696361203c33', 37]]"
Peterpaulxxx,37,1,"[['Peterpaulxxx', '/?h=50657465727061756c787878', 37]]"
?,37,1,"[['?', '/?h=3f', 37]]"
joshholat.com,37,1,"[['joshholat.com', '/?h=6a6f7368686f6c61742e636f6d', 37]]"
John Welcomes U,37,1,"[['John Welcomes U', '/?h=4a6f686e2057656c636f6d65732055', 37]]"
Making Disciples,37,1,"[['Making Disciples', '/?h=4d616b696e67204469736369706c6573', 37]]"
Klayton & Brett,37,1,"[['Klayton & Brett', '/?h=4b6c6179746f6e2026204272657474', 37]]"
Likiwi,37,1,"[['Likiwi', '/?h=4c696b697769', 37]]"
Je t'aime :),37,1,"[[""Je t'aime :)"", '/?h=4a6520742761696d65203a29', 37]]"
you gunna get raped,37,1,"[['you gunna get raped', '/?h=796f752067756e6e6120676574207261706564', 37]]"
go,36,1,"[['go', '/?h=676f', 36]]"
Stumbleupon!,36,1,"[['Stumbleupon!', '/?h=5374756d626c6575706f6e21', 36]]"
wizme.fr,36,1,"[['wizme.fr', '/?h=77697a6d652e6672', 36]]"
gjerne!,36,1,"[['gjerne!', '/?h=676a65726e6521', 36]]"
Happy Diwalli,36,1,"[['Happy Diwalli', '/?h=486170707920446977616c6c69', 36]]"
Tim Leake,36,1,"[['Tim Leake', '/?h=54696d204c65616b65', 36]]"
BCGP,36,1,"[['BCGP', '/?h=42434750', 36]]"
"BlinkFactory, Inc.",36,1,"[['BlinkFactory, Inc.', '/?h=426c696e6b466163746f72792c20496e632e', 36]]"
everis,36,1,"[['everis', '/?h=657665726973', 36]]"
wisibility,36,1,"[['wisibility', '/?h=7769736962696c697479', 36]]"
Srikanth,36,1,"[['Srikanth', '/?h=5372696b616e7468', 36]]"
Happy Diwali Hasanthi,36,1,"[['Happy Diwali Hasanthi', '/?h=486170707920446977616c6920486173616e746869', 36]]"
http://dotty-dots.appspot.com/,36,1,"[['http://dotty-dots.appspot.com/', '/?h=687474703a2f2f646f7474792d646f74732e61707073706f742e636f6d2f', 36]]"
ERIC,36,1,"[['ERIC', '/?h=45524943', 36]]"
::::::::::::::::::::::::::::::,36,1,"[['::::::::::::::::::::::::::::::', '/?h=3a3a3a3a3a3a3a3a3a3a3a3a3a3a3a3a3a3a3a3a3a3a3a3a3a3a3a3a3a3a', 36]]"
WINNING ELEVEN,35,1,"[['WINNING ELEVEN', '/?h=57494e4e494e4720454c4556454e', 35]]"
aaaa,35,1,"[['aaaa', '/?h=61616161', 35]]"
Lubos,35,1,"[['Lubos', '/?h=4c75626f73', 35]]"
Wish you a happy Diwali !!!,35,1,"[['Wish you a happy Diwali !!!', '/?h=5769736820796f75206120686170707920446977616c6920212121', 35]]"
I Love Cheese,35,1,"[['I Love Cheese', '/?h=49204c6f766520436865657365', 35]]"
Amphur.in.th,35,1,"[['Amphur.in.th', '/?h=416d706875722e696e2e7468', 35]]"
Diem map ^^,35,1,"[['Diem map ^^', '/?h=4469656d206d6170205e5e', 35]]"
iiiiiiiiiiiiiiiiiiiiiiiiiiiiii,35,1,"[['iiiiiiiiiiiiiiiiiiiiiiiiiiiiii', '/?h=696969696969696969696969696969696969696969696969696969696969', 35]]"
Je t'aime !,34,1,"[[""Je t'aime !"", '/?h=4a6520742761696d652021', 34]]"
Assalamualaikum,34,1,"[['Assalamualaikum', '/?h=417373616c616d75616c61696b756d', 34]]"
hi Salman!!!,34,1,"[['hi Salman!!!', '/?h=68692053616c6d616e212121', 34]]"
I <3 Tyler!,34,1,"[['I <3 Tyler!', '/?h=49203c332054796c657221', 34]]"
Daniel,34,1,"[['Daniel', '/?h=44616e69656c', 34]]"
Ti voglio bene <3,34,1,"[['Ti voglio bene <3', '/?h=546920766f676c696f2062656e65203c33', 34]]"
5eme Gauche,34,1,"[['5eme Gauche', '/?h=35656d6520476175636865', 34]]"
jannn ...hiiiiii !,34,1,"[['jannn ...hiiiiii !', '/?h=6a616e6e6e202e2e2e686969696969692021', 34]]"
Bnet,34,1,"[['Bnet', '/?h=426e6574', 34]]"
smartmohi,34,1,"[['smartmohi', '/?h=736d6172746d6f6869', 34]]"
The Lost Dogs' Home,34,1,"[[""The Lost Dogs' Home"", '/?h=546865204c6f737420446f67732720486f6d65', 34]]"
issei,34,1,"[['issei', '/?h=6973736569', 34]]"
Vanessa ROCKS,34,1,"[['Vanessa ROCKS', '/?h=56616e6573736120524f434b53', 34]]"
Ecole Enelle,33,1,"[['Ecole Enelle', '/?h=45636f6c6520456e656c6c65', 33]]"
DeHcO!,33,1,"[['DeHcO!', '/?h=446548634f21', 33]]"
You're gay,33,1,"[[""You're gay"", '/?h=596f7527726520676179', 33]]"
Matt and Dave kick ass!,33,1,"[['Matt and Dave kick ass!', '/?h=4d61747420616e642044617665206b69636b2061737321', 33]]"
guigui et jaze LOVE,33,1,"[['guigui et jaze LOVE', '/?h=677569677569206574206a617a65204c4f5645', 33]]"
michael chang rocks,33,1,"[['michael chang rocks', '/?h=6d69636861656c206368616e6720726f636b73', 33]]"
blackphoenix,33,1,"[['blackphoenix', '/?h=626c61636b70686f656e6978', 33]]"
wunderman,33,1,"[['wunderman', '/?h=77756e6465726d616e', 33]]"
TGIF,33,1,"[['TGIF', '/?h=54474946', 33]]"
Cock,33,1,"[['Cock', '/?h=436f636b', 33]]"
u b teh bessed,33,1,"[['u b teh bessed', '/?h=7520622074656820626573736564', 33]]"
Geek de France,33,1,"[['Geek de France', '/?h=4765656b206465204672616e6365', 33]]"
ok,33,1,"[['ok', '/?h=6f6b', 33]]"
chun...chun.......chuso......,33,1,"[['chun...chun.......chuso......', '/?h=6368756e2e2e2e6368756e2e2e2e2e2e2e2e636875736f2e2e2e2e2e2e', 33]]"
%,33,1,"[['%', '/?h=25', 33]]"
what,32,1,"[['what', '/?h=77686174', 32]]"
fun,32,1,"[['fun', '/?h=66756e', 32]]"
Tintumon Rox,32,1,"[['Tintumon Rox', '/?h=54696e74756d6f6e20526f78', 32]]"
..happy diwali:-),32,1,"[['..happy diwali:-)', '/?h=2e2e686170707920646977616c693a2d29', 32]]"
f,32,1,"[['f', '/?h=66', 32]]"
lekva,32,1,"[['lekva', '/?h=6c656b7661', 32]]"
KQ2M SUCKS,32,1,"[['KQ2M SUCKS', '/?h=4b51324d205355434b53', 32]]"
h,32,1,"[['h', '/?h=68', 32]]"
Bellobello,32,1,"[['Bellobello', '/?h=42656c6c6f62656c6c6f', 32]]"
é,32,1,"[['\xe9', '/?h=e9', 32]]"
Eid Mubarak,32,1,"[['Eid Mubarak', '/?h=456964204d75626172616b', 32]]"
0B0B0B,32,1,"[['0B0B0B', '/?h=304230423042', 32]]"
Leah is the shiznit,32,1,"[['Leah is the shiznit', '/?h=4c65616820697320746865207368697a6e6974', 32]]"
being your friend!!,32,1,"[['being your friend!!', '/?h=6265696e6720796f757220667269656e642121', 32]]"
prova,32,1,"[['prova', '/?h=70726f7661', 32]]"
gloglog.com,32,1,"[['gloglog.com', '/?h=676c6f676c6f672e636f6d', 32]]"
nice,32,1,"[['nice', '/?h=6e696365', 32]]"
8===D,32,1,"[['8===D', '/?h=383d3d3d44', 32]]"
... luv ya ... xOx,32,1,"[['... luv ya ... xOx', '/?h=2e2e2e206c7576207961202e2e2e20784f78', 32]]"
Hola Beautiful,31,1,"[['Hola Beautiful', '/?h=486f6c612042656175746966756c', 31]]"
Zortal --> Tikiland,31,1,"[['Zortal --> Tikiland', '/?h=5a6f7274616c202d2d3e2054696b696c616e64', 31]]"
happy diawali,31,1,"[['happy diawali', '/?h=68617070792064696177616c69', 31]]"
no all'inceneritore,31,1,"[[""no all'inceneritore"", '/?h=6e6f20616c6c27696e63656e657269746f7265', 31]]"
boobs,31,1,"[['boobs', '/?h=626f6f6273', 31]]"
gamehouse,31,1,"[['gamehouse', '/?h=67616d65686f757365', 31]]"
Facciamo schifo!,31,1,"[['Facciamo schifo!', '/?h=4661636369616d6f2073636869666f21', 31]]"
MUNU.NL,31,1,"[['MUNU.NL', '/?h=4d554e552e4e4c', 31]]"
Project LEAD,31,1,"[['Project LEAD', '/?h=50726f6a656374204c454144', 31]]"
Yuli i Mimi,31,1,"[['Yuli i Mimi', '/?h=59756c692069204d696d69', 31]]"
dotty dots,31,1,"[['dotty dots', '/?h=646f74747920646f7473', 31]]"
te amo Carlos!!,31,1,"[['te amo Carlos!!', '/?h=746520616d6f204361726c6f732121', 31]]"
d,31,1,"[['d', '/?h=64', 31]]"
Have a Wonderful Day ,31,1,"[['Have a Wonderful Day ', '/?h=48617665206120576f6e64657266756c2044617920', 31]]"
no,31,1,"[['no', '/?h=6e6f', 31]]"
forrst.com,31,1,"[['forrst.com', '/?h=666f727273742e636f6d', 31]]"
Facebook,30,1,"[['Facebook', '/?h=46616365626f6f6b', 30]]"
thank you,30,1,"[['thank you', '/?h=7468616e6b20796f75', 30]]"
*****Happy diwali*****,30,1,"[['*****Happy diwali*****', '/?h=2a2a2a2a2a486170707920646977616c692a2a2a2a2a', 30]]"
c,30,1,"[['c', '/?h=63', 30]]"
scsdmedia,30,1,"[['scsdmedia', '/?h=736373646d65646961', 30]]"
BUTTONMAD,30,1,"[['BUTTONMAD', '/?h=425554544f4e4d4144', 30]]"
yos alex,30,1,"[['yos alex', '/?h=796f7320616c6578', 30]]"
Smile Please :),30,1,"[['Smile Please :)', '/?h=536d696c6520506c65617365203a29', 30]]"
oi,30,1,"[['oi', '/?h=6f69', 30]]"
blackwiz4rd,30,1,"[['blackwiz4rd', '/?h=626c61636b77697a347264', 30]]"
Manuel,30,1,"[['Manuel', '/?h=4d616e75656c', 30]]"
TVEXCITING,30,1,"[['TVEXCITING', '/?h=54564558434954494e47', 30]]"
Kinoa,30,1,"[['Kinoa', '/?h=4b696e6f61', 30]]"
Michael,29,1,"[['Michael', '/?h=4d69636861656c', 29]]"
!^!  ... HAPPY DIWALI.....!^!,29,1,"[['!^!  ... HAPPY DIWALI.....!^!', '/?h=215e2120202e2e2e20484150505920444957414c492e2e2e2e2e215e21', 29]]"
~,29,1,"[['~', '/?h=7e', 29]]"
Nice pictures!,29,1,"[['Nice pictures!', '/?h=4e69636520706963747572657321', 29]]"
Peter piper picked a peck of p,29,1,"[['Peter piper picked a peck of p', '/?h=5065746572207069706572207069636b65642061207065636b206f662070', 29]]"
OLA HAMIGOS,29,1,"[['OLA HAMIGOS', '/?h=4f4c412048414d49474f53', 29]]"
submate,29,1,"[['submate', '/?h=7375626d617465', 29]]"
Zoe,29,1,"[['Zoe', '/?h=5a6f65', 29]]"
leave your mark!,29,1,"[['leave your mark!', '/?h=6c6561766520796f7572206d61726b21', 29]]"
i love pastry!,29,1,"[['i love pastry!', '/?h=69206c6f76652070617374727921', 29]]"
$hesha$a! ..... ,29,1,"[['$hesha$a! ..... ', '/?h=246865736861246121202e2e2e2e2e20', 29]]"
Marco,29,1,"[['Marco', '/?h=4d6172636f', 29]]"
bloggings by boz,29,1,"[['bloggings by boz', '/?h=626c6f6767696e677320627920626f7a', 29]]"
Enjoy your rest!,29,1,"[['Enjoy your rest!', '/?h=456e6a6f7920796f7572207265737421', 29]]"
Happy Diwali __ G.S.NAG,29,1,"[['Happy Diwali __ G.S.NAG', '/?h=486170707920446977616c69205f5f20472e532e4e4147', 29]]"
And you're a bell!,29,1,"[[""And you're a bell!"", '/?h=416e6420796f7527726520612062656c6c21', 29]]"
