chr,json,key
A,"{""width"":104,""height"":195,""points"":[{""x"":""88"",""y"":""148"",""s"":""10"",""f"":""0""},{""x"":""29"",""y"":""118"",""s"":""10"",""f"":""0""},{""x"":""68"",""y"":""57"",""s"":""5"",""f"":""0""},{""x"":""23"",""y"":""134"",""s"":""8"",""f"":""75""},{""x"":""16"",""y"":""148"",""s"":""8"",""f"":""155""},{""x"":""39"",""y"":""103"",""s"":""8"",""f"":""95""},{""x"":""47"",""y"":""90"",""s"":""7"",""f"":""95""},{""x"":""55"",""y"":""77"",""s"":""7"",""f"":""95""},{""x"":""62"",""y"":""67"",""s"":""6"",""f"":""110""},{""x"":""76"",""y"":""95"",""s"":""5"",""f"":""70""},{""x"":""77"",""y"":""107"",""s"":""6"",""f"":""70""},{""x"":""73"",""y"":""83"",""s"":""5"",""f"":""110""},{""x"":""71"",""y"":""71"",""s"":""5"",""f"":""110""},{""x"":""79"",""y"":""121"",""s"":""7"",""f"":""70""},{""x"":""84"",""y"":""134"",""s"":""8"",""f"":""30""},{""x"":""65"",""y"":""111"",""s"":""6"",""f"":""30""},{""x"":""52"",""y"":""114"",""s"":""6"",""f"":""30""}]}",1
e,"{""width"":79,""height"":195,""points"":[{""x"":""16"",""y"":""127"",""s"":""10"",""f"":""0""},{""x"":""23"",""y"":""145"",""s"":""9"",""f"":""35""},{""x"":""41"",""y"":""151"",""s"":""8"",""f"":""55""},{""x"":""54"",""y"":""148"",""s"":""7"",""f"":""90""},{""x"":""70"",""y"":""142"",""s"":""6"",""f"":""120""},{""x"":""61"",""y"":""96"",""s"":""7"",""f"":""80""},{""x"":""54"",""y"":""109"",""s"":""7"",""f"":""80""},{""x"":""44"",""y"":""90"",""s"":""8"",""f"":""80""},{""x"":""41"",""y"":""117"",""s"":""8"",""f"":""35""},{""x"":""27"",""y"":""92"",""s"":""8"",""f"":""35""},{""x"":""17"",""y"":""107"",""s"":""8"",""f"":""35""}]}",2
S,"{""width"":99,""height"":195,""points"":[{""x"":""18"",""y"":""139"",""s"":""8"",""f"":""0""},{""x"":""32"",""y"":""149"",""s"":""7"",""f"":""0""},{""x"":""47"",""y"":""150"",""s"":""6"",""f"":""0""},{""x"":""65"",""y"":""146"",""s"":""6"",""f"":""0""},{""x"":""79"",""y"":""138"",""s"":""6"",""f"":""55""},{""x"":""86"",""y"":""126"",""s"":""6"",""f"":""55""},{""x"":""81"",""y"":""112"",""s"":""6"",""f"":""55""},{""x"":""69"",""y"":""103"",""s"":""6"",""f"":""120""},{""x"":""58"",""y"":""101"",""s"":""6"",""f"":""120""},{""x"":""44"",""y"":""98"",""s"":""6"",""f"":""120""},{""x"":""30"",""y"":""92"",""s"":""7"",""f"":""55""},{""x"":""29"",""y"":""76"",""s"":""6"",""f"":""25""},{""x"":""42"",""y"":""63"",""s"":""6"",""f"":""25""},{""x"":""56"",""y"":""62"",""s"":""6"",""f"":""0""},{""x"":""70"",""y"":""60"",""s"":""6"",""f"":""0""},{""x"":""81"",""y"":""64"",""s"":""6"",""f"":""0""}]}",3
Y,"{""width"":91,""height"":195,""points"":[{""x"":""8"",""y"":""59"",""s"":""9"",""f"":""0""},{""x"":""77"",""y"":""58"",""s"":""9"",""f"":""0""},{""x"":""34"",""y"":""151"",""s"":""8"",""f"":""35""},{""x"":""43"",""y"":""135"",""s"":""8"",""f"":""35""},{""x"":""71"",""y"":""73"",""s"":""7"",""f"":""75""},{""x"":""18"",""y"":""71"",""s"":""7"",""f"":""75""},{""x"":""25"",""y"":""80"",""s"":""7"",""f"":""90""},{""x"":""63"",""y"":""89"",""s"":""7"",""f"":""90""},{""x"":""34"",""y"":""95"",""s"":""7"",""f"":""90""},{""x"":""48"",""y"":""121"",""s"":""6"",""f"":""130""},{""x"":""57"",""y"":""102"",""s"":""6"",""f"":""130""},{""x"":""39"",""y"":""109"",""s"":""6"",""f"":""130""}]}",4
B,"{""width"":90,""height"":196,""points"":[{""x"":""26"",""y"":""56"",""s"":""9"",""f"":""0""},{""x"":""22"",""y"":""68"",""s"":""5"",""f"":""0""},{""x"":""23"",""y"":""79"",""s"":""5"",""f"":""0""},{""x"":""21"",""y"":""92"",""s"":""5"",""f"":""10""},{""x"":""22"",""y"":""103"",""s"":""6"",""f"":""40""},{""x"":""20"",""y"":""114"",""s"":""6"",""f"":""40""},{""x"":""22"",""y"":""125"",""s"":""6"",""f"":""140""},{""x"":""22"",""y"":""137"",""s"":""6"",""f"":""140""},{""x"":""32"",""y"":""104"",""s"":""7"",""f"":""45""},{""x"":""24"",""y"":""151"",""s"":""7"",""f"":""45""},{""x"":""48"",""y"":""148"",""s"":""7"",""f"":""45""},{""x"":""68"",""y"":""115"",""s"":""7"",""f"":""45""},{""x"":""35"",""y"":""152"",""s"":""6"",""f"":""95""},{""x"":""43"",""y"":""110"",""s"":""6"",""f"":""95""},{""x"":""61"",""y"":""144"",""s"":""6"",""f"":""95""},{""x"":""76"",""y"":""124"",""s"":""6"",""f"":""95""},{""x"":""72"",""y"":""137"",""s"":""9"",""f"":""175""},{""x"":""52"",""y"":""107"",""s"":""9"",""f"":""35""},{""x"":""66"",""y"":""81"",""s"":""7"",""f"":""105""},{""x"":""66"",""y"":""92"",""s"":""9"",""f"":""50""},{""x"":""42"",""y"":""52"",""s"":""9"",""f"":""55""},{""x"":""64"",""y"":""64"",""s"":""9"",""f"":""0""},{""x"":""55"",""y"":""54"",""s"":""6"",""f"":""0""}]}",1001
q,"{""width"":75,""height"":195,""points"":[{""x"":""51"",""y"":""182"",""s"":""10"",""f"":""0""},{""x"":""51"",""y"":""159"",""s"":""9"",""f"":""35""},{""x"":""55"",""y"":""138"",""s"":""9"",""f"":""35""},{""x"":""35"",""y"":""149"",""s"":""8"",""f"":""60""},{""x"":""18"",""y"":""143"",""s"":""7"",""f"":""70""},{""x"":""58"",""y"":""123"",""s"":""7"",""f"":""70""},{""x"":""12"",""y"":""126"",""s"":""7"",""f"":""95""},{""x"":""57"",""y"":""103"",""s"":""7"",""f"":""120""},{""x"":""16"",""y"":""109"",""s"":""6"",""f"":""120""},{""x"":""26"",""y"":""95"",""s"":""6"",""f"":""120""},{""x"":""49"",""y"":""88"",""s"":""6"",""f"":""120""},{""x"":""37"",""y"":""88"",""s"":""6"",""f"":""205""}]}",1002
@,"{""width"":132,""height"":195,""points"":[{""x"":""95"",""y"":""150"",""s"":""7"",""f"":""85""},{""x"":""81"",""y"":""154"",""s"":""8"",""f"":""60""},{""x"":""64"",""y"":""156"",""s"":""9"",""f"":""60""},{""x"":""46"",""y"":""151"",""s"":""9"",""f"":""20""},{""x"":""29"",""y"":""140"",""s"":""9"",""f"":""20""},{""x"":""20"",""y"":""123"",""s"":""9"",""f"":""0""},{""x"":""17"",""y"":""104"",""s"":""9"",""f"":""0""},{""x"":""19"",""y"":""85"",""s"":""9"",""f"":""65""},{""x"":""28"",""y"":""68"",""s"":""9"",""f"":""95""},{""x"":""41"",""y"":""55"",""s"":""9"",""f"":""100""},{""x"":""58"",""y"":""49"",""s"":""9"",""f"":""130""},{""x"":""75"",""y"":""51"",""s"":""8"",""f"":""150""},{""x"":""91"",""y"":""56"",""s"":""8"",""f"":""120""},{""x"":""104"",""y"":""66"",""s"":""8"",""f"":""85""},{""x"":""113"",""y"":""80"",""s"":""8"",""f"":""65""},{""x"":""113"",""y"":""97"",""s"":""8"",""f"":""50""},{""x"":""107"",""y"":""113"",""s"":""8"",""f"":""25""},{""x"":""90"",""y"":""118"",""s"":""9"",""f"":""25""},{""x"":""75"",""y"":""113"",""s"":""7"",""f"":""25""},{""x"":""68"",""y"":""108"",""s"":""5"",""f"":""55""},{""x"":""60"",""y"":""115"",""s"":""7"",""f"":""20""},{""x"":""47"",""y"":""114"",""s"":""7"",""f"":""20""},{""x"":""42"",""y"":""102"",""s"":""7"",""f"":""0""},{""x"":""47"",""y"":""91"",""s"":""7"",""f"":""45""},{""x"":""55"",""y"":""81"",""s"":""6"",""f"":""45""},{""x"":""67"",""y"":""77"",""s"":""8"",""f"":""0""},{""x"":""76"",""y"":""97"",""s"":""8"",""f"":""20""}]}",2001
y,"{""width"":75,""height"":195,""points"":[{""x"":""64"",""y"":""89"",""s"":""9"",""f"":""0""},{""x"":""57"",""y"":""103"",""s"":""9"",""f"":""0""},{""x"":""5"",""y"":""89"",""s"":""9"",""f"":""45""},{""x"":""16"",""y"":""104"",""s"":""8"",""f"":""70""},{""x"":""51"",""y"":""122"",""s"":""8"",""f"":""70""},{""x"":""23"",""y"":""118"",""s"":""8"",""f"":""70""},{""x"":""31"",""y"":""133"",""s"":""8"",""f"":""95""},{""x"":""46"",""y"":""136"",""s"":""8"",""f"":""95""},{""x"":""34"",""y"":""153"",""s"":""8"",""f"":""110""},{""x"":""28"",""y"":""168"",""s"":""7"",""f"":""140""},{""x"":""21"",""y"":""183"",""s"":""7"",""f"":""140""}]}",2002
a,"{""width"":74,""height"":195,""points"":[{""x"":""58"",""y"":""94"",""s"":""8"",""f"":""40""},{""x"":""45"",""y"":""89"",""s"":""7"",""f"":""75""},{""x"":""31"",""y"":""91"",""s"":""7"",""f"":""100""},{""x"":""20"",""y"":""99"",""s"":""7"",""f"":""80""},{""x"":""12"",""y"":""111"",""s"":""7"",""f"":""55""},{""x"":""11"",""y"":""124"",""s"":""8"",""f"":""25""},{""x"":""29"",""y"":""151"",""s"":""8"",""f"":""25""},{""x"":""45"",""y"":""149"",""s"":""7"",""f"":""25""},{""x"":""65"",""y"":""153"",""s"":""6"",""f"":""25""},{""x"":""57"",""y"":""126"",""s"":""6"",""f"":""25""},{""x"":""57"",""y"":""112"",""s"":""6"",""f"":""0""},{""x"":""58"",""y"":""142"",""s"":""8"",""f"":""0""},{""x"":""15"",""y"":""140"",""s"":""9"",""f"":""0""}]}",3001
r,"{""width"":69,""height"":195,""points"":[{""x"":""58"",""y"":""105"",""s"":""7"",""f"":""0""},{""x"":""56"",""y"":""88"",""s"":""8"",""f"":""30""},{""x"":""42"",""y"":""91"",""s"":""7"",""f"":""50""},{""x"":""29"",""y"":""96"",""s"":""7"",""f"":""70""},{""x"":""16"",""y"":""90"",""s"":""7"",""f"":""70""},{""x"":""18"",""y"":""105"",""s"":""8"",""f"":""45""},{""x"":""17"",""y"":""120"",""s"":""7"",""f"":""25""},{""x"":""17"",""y"":""134"",""s"":""6"",""f"":""10""},{""x"":""17"",""y"":""149"",""s"":""8"",""f"":""0""}]}",3002
C,"{""width"":86,""height"":195,""points"":[{""x"":""77"",""y"":""69"",""s"":""8"",""f"":""0""},{""x"":""76"",""y"":""56"",""s"":""7"",""f"":""50""},{""x"":""64"",""y"":""60"",""s"":""7"",""f"":""70""},{""x"":""50"",""y"":""61"",""s"":""7"",""f"":""40""},{""x"":""30"",""y"":""78"",""s"":""7"",""f"":""10""},{""x"":""23"",""y"":""88"",""s"":""7"",""f"":""35""},{""x"":""17"",""y"":""100"",""s"":""8"",""f"":""35""},{""x"":""15"",""y"":""116"",""s"":""8"",""f"":""45""},{""x"":""39"",""y"":""69"",""s"":""6"",""f"":""65""},{""x"":""17"",""y"":""131"",""s"":""9"",""f"":""10""},{""x"":""29"",""y"":""145"",""s"":""9"",""f"":""10""},{""x"":""46"",""y"":""147"",""s"":""8"",""f"":""40""},{""x"":""61"",""y"":""142"",""s"":""8"",""f"":""65""},{""x"":""72"",""y"":""134"",""s"":""8"",""f"":""0""}]}",4001
k,"{""width"":78,""height"":195,""points"":[{""x"":""19"",""y"":""148"",""s"":""8"",""f"":""0""},{""x"":""20"",""y"":""131"",""s"":""7"",""f"":""0""},{""x"":""68"",""y"":""149"",""s"":""10"",""f"":""0""},{""x"":""58"",""y"":""134"",""s"":""8"",""f"":""0""},{""x"":""50"",""y"":""123"",""s"":""6"",""f"":""0""},{""x"":""65"",""y"":""83"",""s"":""6"",""f"":""25""},{""x"":""21"",""y"":""44"",""s"":""7"",""f"":""70""},{""x"":""21"",""y"":""59"",""s"":""6"",""f"":""110""},{""x"":""21"",""y"":""72"",""s"":""5"",""f"":""120""},{""x"":""21"",""y"":""85"",""s"":""6"",""f"":""120""},{""x"":""21"",""y"":""99"",""s"":""6"",""f"":""85""},{""x"":""53"",""y"":""99"",""s"":""5"",""f"":""115""},{""x"":""59"",""y"":""90"",""s"":""6"",""f"":""40""},{""x"":""42"",""y"":""110"",""s"":""10"",""f"":""35""},{""x"":""20"",""y"":""115"",""s"":""7"",""f"":""15""},{""x"":""31"",""y"":""122"",""s"":""5"",""f"":""30""}]}",5001
&lt;,"{""width"":""55"",""height"":195,""points"":[{""x"":""36"",""y"":""88"",""s"":""5"",""f"":""0""},{""x"":""28"",""y"":""94"",""s"":""5"",""f"":""0""},{""x"":""20"",""y"":""100"",""s"":""5"",""f"":""0""},{""x"":""14"",""y"":""106"",""s"":""5"",""f"":""0""},{""x"":""10"",""y"":""113"",""s"":""5"",""f"":""0""},{""x"":""16"",""y"":""116"",""s"":""5"",""f"":""0""},{""x"":""22"",""y"":""120"",""s"":""5"",""f"":""0""},{""x"":""30"",""y"":""126"",""s"":""5"",""f"":""0""},{""x"":""36"",""y"":""133"",""s"":""5"",""f"":""0""}]}",5002
M,"{""width"":126,""height"":195,""points"":[{""x"":""38"",""y"":""60"",""s"":""10"",""f"":""0""},{""x"":""92"",""y"":""59"",""s"":""10"",""f"":""0""},{""x"":""112"",""y"":""150"",""s"":""8"",""f"":""0""},{""x"":""83"",""y"":""75"",""s"":""5"",""f"":""0""},{""x"":""81"",""y"":""87"",""s"":""6"",""f"":""0""},{""x"":""78"",""y"":""100"",""s"":""6"",""f"":""0""},{""x"":""74"",""y"":""113"",""s"":""6"",""f"":""0""},{""x"":""69"",""y"":""128"",""s"":""7"",""f"":""0""},{""x"":""54"",""y"":""129"",""s"":""7"",""f"":""0""},{""x"":""50"",""y"":""113"",""s"":""6"",""f"":""0""},{""x"":""46"",""y"":""100"",""s"":""5"",""f"":""0""},{""x"":""43"",""y"":""86"",""s"":""6"",""f"":""0""},{""x"":""31"",""y"":""78"",""s"":""7"",""f"":""0""},{""x"":""43"",""y"":""74"",""s"":""6"",""f"":""70""},{""x"":""28"",""y"":""94"",""s"":""8"",""f"":""0""},{""x"":""16"",""y"":""150"",""s"":""10"",""f"":""0""},{""x"":""20"",""y"":""131"",""s"":""9"",""f"":""30""},{""x"":""23"",""y"":""113"",""s"":""8"",""f"":""40""},{""x"":""103"",""y"":""106"",""s"":""6"",""f"":""80""},{""x"":""100"",""y"":""93"",""s"":""6"",""f"":""35""},{""x"":""104"",""y"":""119"",""s"":""7"",""f"":""45""},{""x"":""108"",""y"":""134"",""s"":""8"",""f"":""15""},{""x"":""97"",""y"":""79"",""s"":""7"",""f"":""25""},{""x"":""61"",""y"":""146"",""s"":""9"",""f"":""70""}]}",6001
t,"{""width"":68,""height"":195,""points"":[{""x"":""33"",""y"":""149"",""s"":""9"",""f"":""0""},{""x"":""35"",""y"":""130"",""s"":""9"",""f"":""25""},{""x"":""34"",""y"":""108"",""s"":""9"",""f"":""70""},{""x"":""33"",""y"":""90"",""s"":""8"",""f"":""105""},{""x"":""48"",""y"":""89"",""s"":""8"",""f"":""130""},{""x"":""14"",""y"":""89"",""s"":""8"",""f"":""140""},{""x"":""34"",""y"":""68"",""s"":""8"",""f"":""175""}]}",6002
b,"{""width"":""85"",""height"":195,""points"":[{""x"":""17"",""y"":""143"",""s"":""8"",""f"":""0""},{""x"":""31"",""y"":""148"",""s"":""8"",""f"":""0""},{""x"":""44"",""y"":""152"",""s"":""7"",""f"":""0""},{""x"":""60"",""y"":""147"",""s"":""6"",""f"":""75""},{""x"":""67"",""y"":""133"",""s"":""6"",""f"":""75""},{""x"":""73"",""y"":""116"",""s"":""6"",""f"":""135""},{""x"":""65"",""y"":""98"",""s"":""6"",""f"":""175""},{""x"":""42"",""y"":""89"",""s"":""6"",""f"":""155""},{""x"":""30"",""y"":""93"",""s"":""7"",""f"":""115""},{""x"":""17"",""y"":""102"",""s"":""8"",""f"":""90""},{""x"":""18"",""y"":""124"",""s"":""10"",""f"":""55""},{""x"":""17"",""y"":""79"",""s"":""7"",""f"":""155""},{""x"":""17"",""y"":""60"",""s"":""7"",""f"":""155""},{""x"":""56"",""y"":""90"",""s"":""6"",""f"":""175""},{""x"":""17"",""y"":""47"",""s"":""7"",""f"":""170""}]}",7001
^,"{""width"":""83"",""height"":195,""points"":[{""x"":""20"",""y"":""70"",""s"":""9"",""f"":""0""},{""x"":""65"",""y"":""68"",""s"":""9"",""f"":""0""},{""x"":""33"",""y"":""58"",""s"":""7"",""f"":""115""},{""x"":""52"",""y"":""58"",""s"":""7"",""f"":""115""},{""x"":""42"",""y"":""48"",""s"":""6"",""f"":""165""}]}",7002
-,"{""width"":""60"",""height"":195,""points"":[{""x"":""12"",""y"":""118"",""s"":""9"",""f"":""0""},{""x"":""29"",""y"":""117"",""s"":""8"",""f"":""125""},{""x"":""46"",""y"":""117"",""s"":""6"",""f"":""15""}]}",7003
c,"{""width"":74,""height"":195,""points"":[{""x"":""24"",""y"":""142"",""s"":""9"",""f"":""0""},{""x"":""37"",""y"":""152"",""s"":""8"",""f"":""45""},{""x"":""54"",""y"":""150"",""s"":""7"",""f"":""90""},{""x"":""66"",""y"":""143"",""s"":""6"",""f"":""135""},{""x"":""14"",""y"":""123"",""s"":""8"",""f"":""25""},{""x"":""20"",""y"":""106"",""s"":""7"",""f"":""60""},{""x"":""32"",""y"":""92"",""s"":""6"",""f"":""85""},{""x"":""47"",""y"":""88"",""s"":""6"",""f"":""145""},{""x"":""59"",""y"":""94"",""s"":""6"",""f"":""145""}]}",8001
$,"{""width"":99,""height"":195,""points"":[{""x"":""21"",""y"":""144"",""s"":""9"",""f"":""0""},{""x"":""36"",""y"":""150"",""s"":""8"",""f"":""0""},{""x"":""54"",""y"":""150"",""s"":""8"",""f"":""0""},{""x"":""71"",""y"":""145"",""s"":""7"",""f"":""0""},{""x"":""78"",""y"":""133"",""s"":""7"",""f"":""0""},{""x"":""81"",""y"":""118"",""s"":""6"",""f"":""0""},{""x"":""73"",""y"":""108"",""s"":""6"",""f"":""0""},{""x"":""60"",""y"":""102"",""s"":""6"",""f"":""0""},{""x"":""46"",""y"":""101"",""s"":""7"",""f"":""0""},{""x"":""31"",""y"":""95"",""s"":""7"",""f"":""0""},{""x"":""24"",""y"":""80"",""s"":""8"",""f"":""0""},{""x"":""37"",""y"":""67"",""s"":""8"",""f"":""0""},{""x"":""52"",""y"":""58"",""s"":""9"",""f"":""0""},{""x"":""71"",""y"":""61"",""s"":""9"",""f"":""0""},{""x"":""51"",""y"":""39"",""s"":""6"",""f"":""0""},{""x"":""52"",""y"":""76"",""s"":""6"",""f"":""0""},{""x"":""52"",""y"":""88"",""s"":""6"",""f"":""0""},{""x"":""51"",""y"":""115"",""s"":""6"",""f"":""0""},{""x"":""51"",""y"":""127"",""s"":""6"",""f"":""0""},{""x"":""51"",""y"":""138"",""s"":""6"",""f"":""0""},{""x"":""51"",""y"":""165"",""s"":""6"",""f"":""0""},{""x"":""51"",""y"":""177"",""s"":""6"",""f"":""0""}]}",8002
d,"{""width"":84,""height"":195,""points"":[{""x"":""68"",""y"":""147"",""s"":""10"",""f"":""0""},{""x"":""45"",""y"":""151"",""s"":""9"",""f"":""25""},{""x"":""22"",""y"":""145"",""s"":""9"",""f"":""65""},{""x"":""15"",""y"":""124"",""s"":""8"",""f"":""65""},{""x"":""17"",""y"":""104"",""s"":""8"",""f"":""85""},{""x"":""29"",""y"":""91"",""s"":""8"",""f"":""85""},{""x"":""46"",""y"":""90"",""s"":""8"",""f"":""85""},{""x"":""59"",""y"":""96"",""s"":""8"",""f"":""65""},{""x"":""67"",""y"":""129"",""s"":""8"",""f"":""65""},{""x"":""68"",""y"":""110"",""s"":""8"",""f"":""95""},{""x"":""68"",""y"":""83"",""s"":""7"",""f"":""95""},{""x"":""70"",""y"":""68"",""s"":""7"",""f"":""135""},{""x"":""71"",""y"":""47"",""s"":""7"",""f"":""155""}]}",9001
\,"{""width"":""79"",""height"":195,""points"":[{""x"":""19"",""y"":""58"",""s"":""5"",""f"":""0""},{""x"":""25"",""y"":""67"",""s"":""5"",""f"":""0""},{""x"":""31"",""y"":""76"",""s"":""6"",""f"":""0""},{""x"":""35"",""y"":""86"",""s"":""6"",""f"":""0""},{""x"":""40"",""y"":""95"",""s"":""7"",""f"":""0""},{""x"":""45"",""y"":""106"",""s"":""6"",""f"":""0""},{""x"":""48"",""y"":""116"",""s"":""6"",""f"":""0""},{""x"":""54"",""y"":""125"",""s"":""6"",""f"":""0""},{""x"":""58"",""y"":""136"",""s"":""5"",""f"":""0""},{""x"":""63"",""y"":""146"",""s"":""5"",""f"":""0""},{""x"":""65"",""y"":""152"",""s"":""5"",""f"":""0""}]}",9002
f,"{""width"":73,""height"":195,""points"":[{""x"":""29"",""y"":""156"",""s"":""10"",""f"":""0""},{""x"":""31"",""y"":""136"",""s"":""9"",""f"":""35""},{""x"":""31"",""y"":""116"",""s"":""9"",""f"":""80""},{""x"":""30"",""y"":""95"",""s"":""8"",""f"":""115""},{""x"":""45"",""y"":""93"",""s"":""7"",""f"":""115""},{""x"":""58"",""y"":""92"",""s"":""7"",""f"":""140""},{""x"":""14"",""y"":""95"",""s"":""7"",""f"":""140""},{""x"":""33"",""y"":""79"",""s"":""7"",""f"":""160""},{""x"":""36"",""y"":""67"",""s"":""7"",""f"":""160""},{""x"":""47"",""y"":""55"",""s"":""7"",""f"":""160""},{""x"":""65"",""y"":""52"",""s"":""6"",""f"":""190""}]}",10001
g,"{""width"":76,""height"":195,""points"":[{""x"":""61"",""y"":""97"",""s"":""10"",""f"":""0""},{""x"":""61"",""y"":""118"",""s"":""9"",""f"":""0""},{""x"":""42"",""y"":""90"",""s"":""9"",""f"":""40""},{""x"":""24"",""y"":""97"",""s"":""8"",""f"":""60""},{""x"":""53"",""y"":""137"",""s"":""8"",""f"":""60""},{""x"":""12"",""y"":""110"",""s"":""8"",""f"":""60""},{""x"":""40"",""y"":""148"",""s"":""7"",""f"":""70""},{""x"":""26"",""y"":""151"",""s"":""7"",""f"":""80""},{""x"":""11"",""y"":""124"",""s"":""6"",""f"":""100""},{""x"":""13"",""y"":""139"",""s"":""6"",""f"":""130""},{""x"":""60"",""y"":""156"",""s"":""7"",""f"":""50""},{""x"":""54"",""y"":""172"",""s"":""7"",""f"":""85""},{""x"":""42"",""y"":""185"",""s"":""7"",""f"":""120""},{""x"":""25"",""y"":""187"",""s"":""7"",""f"":""140""},{""x"":""7"",""y"":""183"",""s"":""7"",""f"":""165""}]}",11001
",","{""width"":""41"",""height"":195,""points"":[{""x"":""30"",""y"":""150"",""s"":""10"",""f"":""0""},{""x"":""24"",""y"":""164"",""s"":""7"",""f"":""100""},{""x"":""17"",""y"":""177"",""s"":""6"",""f"":""175""}]}",11002
h,"{""width"":83,""height"":195,""points"":[{""x"":""18"",""y"":""149"",""s"":""10"",""f"":""0""},{""x"":""69"",""y"":""147"",""s"":""10"",""f"":""0""},{""x"":""18"",""y"":""131"",""s"":""9"",""f"":""40""},{""x"":""64"",""y"":""126"",""s"":""8"",""f"":""40""},{""x"":""65"",""y"":""109"",""s"":""8"",""f"":""40""},{""x"":""19"",""y"":""109"",""s"":""8"",""f"":""60""},{""x"":""57"",""y"":""93"",""s"":""7"",""f"":""95""},{""x"":""39"",""y"":""94"",""s"":""8"",""f"":""55""},{""x"":""20"",""y"":""89"",""s"":""8"",""f"":""55""},{""x"":""18"",""y"":""69"",""s"":""8"",""f"":""115""},{""x"":""17"",""y"":""52"",""s"":""7"",""f"":""175""}]}",12001
i,"{""width"":41,""height"":195,""points"":[{""x"":""23"",""y"":""60"",""s"":""10"",""f"":""0""},{""x"":""22"",""y"":""91"",""s"":""9"",""f"":""45""},{""x"":""21"",""y"":""111"",""s"":""8"",""f"":""105""},{""x"":""19"",""y"":""130"",""s"":""7"",""f"":""125""},{""x"":""21"",""y"":""148"",""s"":""6"",""f"":""155""}]}",13001
W,"{""width"":148,""height"":195,""points"":[{""x"":""45"",""y"":""143"",""s"":""10"",""f"":""0""},{""x"":""78"",""y"":""62"",""s"":""10"",""f"":""0""},{""x"":""100"",""y"":""150"",""s"":""10"",""f"":""0""},{""x"":""137"",""y"":""58"",""s"":""10"",""f"":""0""},{""x"":""92"",""y"":""133"",""s"":""9"",""f"":""0""},{""x"":""54"",""y"":""126"",""s"":""9"",""f"":""0""},{""x"":""37"",""y"":""126"",""s"":""9"",""f"":""0""},{""x"":""67"",""y"":""81"",""s"":""9"",""f"":""0""},{""x"":""82"",""y"":""81"",""s"":""8"",""f"":""0""},{""x"":""59"",""y"":""112"",""s"":""8"",""f"":""0""},{""x"":""63"",""y"":""97"",""s"":""7"",""f"":""0""},{""x"":""33"",""y"":""109"",""s"":""7"",""f"":""0""},{""x"":""87"",""y"":""99"",""s"":""7"",""f"":""0""},{""x"":""120"",""y"":""104"",""s"":""7"",""f"":""120""},{""x"":""113"",""y"":""120"",""s"":""8"",""f"":""90""},{""x"":""127"",""y"":""90"",""s"":""8"",""f"":""70""},{""x"":""132"",""y"":""76"",""s"":""9"",""f"":""40""},{""x"":""109"",""y"":""134"",""s"":""9"",""f"":""55""},{""x"":""88"",""y"":""118"",""s"":""7"",""f"":""60""},{""x"":""23"",""y"":""76"",""s"":""9"",""f"":""90""},{""x"":""30"",""y"":""91"",""s"":""8"",""f"":""50""},{""x"":""20"",""y"":""58"",""s"":""10"",""f"":""45""}]}",13002
9,"{""width"":""87"",""height"":195,""points"":[{""x"":""69"",""y"":""103"",""s"":""10"",""f"":""0""},{""x"":""60"",""y"":""122"",""s"":""9"",""f"":""35""},{""x"":""47"",""y"":""134"",""s"":""8"",""f"":""70""},{""x"":""33"",""y"":""144"",""s"":""8"",""f"":""70""},{""x"":""17"",""y"":""155"",""s"":""8"",""f"":""70""},{""x"":""70"",""y"":""82"",""s"":""8"",""f"":""70""},{""x"":""48"",""y"":""106"",""s"":""7"",""f"":""95""},{""x"":""64"",""y"":""68"",""s"":""7"",""f"":""95""},{""x"":""53"",""y"":""58"",""s"":""7"",""f"":""95""},{""x"":""34"",""y"":""107"",""s"":""7"",""f"":""95""},{""x"":""21"",""y"":""97"",""s"":""7"",""f"":""95""},{""x"":""17"",""y"":""82"",""s"":""7"",""f"":""95""},{""x"":""38"",""y"":""59"",""s"":""7"",""f"":""95""},{""x"":""26"",""y"":""65"",""s"":""7"",""f"":""95""}]}",13003
j,"{""width"":58,""height"":195,""points"":[{""x"":""34"",""y"":""62"",""s"":""10"",""f"":""0""},{""x"":""35"",""y"":""95"",""s"":""9"",""f"":""0""},{""x"":""37"",""y"":""117"",""s"":""8"",""f"":""75""},{""x"":""38"",""y"":""133"",""s"":""8"",""f"":""75""},{""x"":""37"",""y"":""152"",""s"":""8"",""f"":""95""},{""x"":""36"",""y"":""168"",""s"":""8"",""f"":""120""},{""x"":""29"",""y"":""185"",""s"":""7"",""f"":""120""},{""x"":""14"",""y"":""181"",""s"":""6"",""f"":""150""},{""x"":""6"",""y"":""170"",""s"":""5"",""f"":""200""}]}",14001
F,"{""width"":87,""height"":195,""points"":[{""x"":""20"",""y"":""149"",""s"":""9"",""f"":""25""},{""x"":""20"",""y"":""128"",""s"":""8"",""f"":""55""},{""x"":""20"",""y"":""108"",""s"":""8"",""f"":""55""},{""x"":""33"",""y"":""98"",""s"":""8"",""f"":""70""},{""x"":""20"",""y"":""86"",""s"":""8"",""f"":""70""},{""x"":""51"",""y"":""96"",""s"":""7"",""f"":""90""},{""x"":""68"",""y"":""98"",""s"":""7"",""f"":""90""},{""x"":""21"",""y"":""63"",""s"":""7"",""f"":""110""},{""x"":""35"",""y"":""54"",""s"":""7"",""f"":""110""},{""x"":""52"",""y"":""54"",""s"":""7"",""f"":""150""},{""x"":""68"",""y"":""53"",""s"":""7"",""f"":""150""}]}",14002
2,"{""width"":""87"",""height"":195,""points"":[{""x"":""69"",""y"":""148"",""s"":""10"",""f"":""0""},{""x"":""51"",""y"":""149"",""s"":""9"",""f"":""0""},{""x"":""33"",""y"":""149"",""s"":""9"",""f"":""0""},{""x"":""14"",""y"":""149"",""s"":""8"",""f"":""0""},{""x"":""19"",""y"":""133"",""s"":""8"",""f"":""0""},{""x"":""28"",""y"":""118"",""s"":""8"",""f"":""0""},{""x"":""42"",""y"":""109"",""s"":""8"",""f"":""0""},{""x"":""56"",""y"":""100"",""s"":""7"",""f"":""0""},{""x"":""66"",""y"":""88"",""s"":""7"",""f"":""0""},{""x"":""68"",""y"":""73"",""s"":""7"",""f"":""0""},{""x"":""60"",""y"":""57"",""s"":""6"",""f"":""0""},{""x"":""47"",""y"":""56"",""s"":""6"",""f"":""0""},{""x"":""34"",""y"":""57"",""s"":""6"",""f"":""0""},{""x"":""24"",""y"":""65"",""s"":""6"",""f"":""0""},{""x"":""16"",""y"":""72"",""s"":""6"",""f"":""0""}]}",14003
l,"{""width"":40,""height"":195,""points"":[{""x"":""20"",""y"":""150"",""s"":""10"",""f"":""235""},{""x"":""22"",""y"":""52"",""s"":""10"",""f"":""235""},{""x"":""20"",""y"":""71"",""s"":""9"",""f"":""175""},{""x"":""21"",""y"":""133"",""s"":""8"",""f"":""135""},{""x"":""21"",""y"":""88"",""s"":""7"",""f"":""95""},{""x"":""21"",""y"":""120"",""s"":""6"",""f"":""50""},{""x"":""20"",""y"":""104"",""s"":""6"",""f"":""50""}]}",15001
7,"{""width"":""87"",""height"":195,""points"":[{""x"":""26"",""y"":""152"",""s"":""10"",""f"":""20""},{""x"":""36"",""y"":""133"",""s"":""9"",""f"":""20""},{""x"":""47"",""y"":""116"",""s"":""9"",""f"":""50""},{""x"":""57"",""y"":""100"",""s"":""9"",""f"":""75""},{""x"":""66"",""y"":""86"",""s"":""9"",""f"":""75""},{""x"":""80"",""y"":""70"",""s"":""8"",""f"":""100""},{""x"":""62"",""y"":""65"",""s"":""8"",""f"":""100""},{""x"":""44"",""y"":""63"",""s"":""7"",""f"":""100""},{""x"":""26"",""y"":""64"",""s"":""6"",""f"":""100""},{""x"":""11"",""y"":""64"",""s"":""6"",""f"":""100""}]}",15002
*,"{""width"":""76"",""height"":195,""points"":[{""x"":""35"",""y"":""69"",""s"":""9"",""f"":""50""},{""x"":""44"",""y"":""83"",""s"":""7"",""f"":""130""},{""x"":""27"",""y"":""83"",""s"":""7"",""f"":""130""},{""x"":""20"",""y"":""67"",""s"":""7"",""f"":""130""},{""x"":""36"",""y"":""54"",""s"":""7"",""f"":""130""},{""x"":""51"",""y"":""67"",""s"":""7"",""f"":""130""},{""x"":""53"",""y"":""92"",""s"":""5"",""f"":""180""},{""x"":""17"",""y"":""92"",""s"":""5"",""f"":""180""},{""x"":""7"",""y"":""63"",""s"":""5"",""f"":""180""},{""x"":""35"",""y"":""42"",""s"":""5"",""f"":""180""},{""x"":""63"",""y"":""67"",""s"":""5"",""f"":""180""}]}",15003
m,"{""width"":111,""height"":195,""points"":[{""x"":""15"",""y"":""148"",""s"":""10"",""f"":""0""},{""x"":""58"",""y"":""152"",""s"":""10"",""f"":""0""},{""x"":""98"",""y"":""151"",""s"":""10"",""f"":""15""},{""x"":""98"",""y"":""134"",""s"":""9"",""f"":""15""},{""x"":""56"",""y"":""133"",""s"":""9"",""f"":""15""},{""x"":""15"",""y"":""129"",""s"":""8"",""f"":""50""},{""x"":""94"",""y"":""116"",""s"":""8"",""f"":""50""},{""x"":""56"",""y"":""113"",""s"":""8"",""f"":""50""},{""x"":""14"",""y"":""111"",""s"":""7"",""f"":""70""},{""x"":""15"",""y"":""93"",""s"":""7"",""f"":""70""},{""x"":""25"",""y"":""105"",""s"":""7"",""f"":""70""},{""x"":""55"",""y"":""98"",""s"":""7"",""f"":""70""},{""x"":""89"",""y"":""99"",""s"":""7"",""f"":""90""},{""x"":""77"",""y"":""92"",""s"":""7"",""f"":""105""},{""x"":""36"",""y"":""94"",""s"":""7"",""f"":""105""}]}",16001
o,"{""width"":76,""height"":195,""points"":[{""x"":""24"",""y"":""147"",""s"":""10"",""f"":""0""},{""x"":""46"",""y"":""149"",""s"":""9"",""f"":""15""},{""x"":""14"",""y"":""129"",""s"":""9"",""f"":""40""},{""x"":""58"",""y"":""134"",""s"":""8"",""f"":""70""},{""x"":""18"",""y"":""107"",""s"":""8"",""f"":""90""},{""x"":""61"",""y"":""114"",""s"":""7"",""f"":""115""},{""x"":""56"",""y"":""98"",""s"":""7"",""f"":""115""},{""x"":""31"",""y"":""92"",""s"":""7"",""f"":""165""},{""x"":""45"",""y"":""91"",""s"":""7"",""f"":""165""}]}",16002
~,"{""width"":""86"",""height"":195,""points"":[{""x"":""13"",""y"":""113"",""s"":""5"",""f"":""0""},{""x"":""22"",""y"":""103"",""s"":""5"",""f"":""0""},{""x"":""31"",""y"":""96"",""s"":""5"",""f"":""95""},{""x"":""40"",""y"":""98"",""s"":""5"",""f"":""95""},{""x"":""44"",""y"":""108"",""s"":""5"",""f"":""95""},{""x"":""52"",""y"":""115"",""s"":""7"",""f"":""95""},{""x"":""66"",""y"":""116"",""s"":""7"",""f"":""95""},{""x"":""72"",""y"":""99"",""s"":""9"",""f"":""95""}]}",16003
n,"{""width"":75,""height"":195,""points"":[{""x"":""17"",""y"":""148"",""s"":""10"",""f"":""0""},{""x"":""62"",""y"":""149"",""s"":""10"",""f"":""0""},{""x"":""17"",""y"":""125"",""s"":""9"",""f"":""25""},{""x"":""62"",""y"":""127"",""s"":""9"",""f"":""50""},{""x"":""61"",""y"":""107"",""s"":""8"",""f"":""65""},{""x"":""23"",""y"":""104"",""s"":""8"",""f"":""85""},{""x"":""15"",""y"":""86"",""s"":""7"",""f"":""85""},{""x"":""36"",""y"":""94"",""s"":""7"",""f"":""85""},{""x"":""55"",""y"":""92"",""s"":""7"",""f"":""85""}]}",17001
?,"{""width"":75,""height"":195,""points"":[{""x"":""24"",""y"":""150"",""s"":""10"",""f"":""0""},{""x"":""10"",""y"":""68"",""s"":""9"",""f"":""40""},{""x"":""26"",""y"":""61"",""s"":""8"",""f"":""40""},{""x"":""41"",""y"":""61"",""s"":""8"",""f"":""40""},{""x"":""26"",""y"":""125"",""s"":""8"",""f"":""40""},{""x"":""36"",""y"":""117"",""s"":""7"",""f"":""40""},{""x"":""48"",""y"":""108"",""s"":""7"",""f"":""40""},{""x"":""57"",""y"":""99"",""s"":""6"",""f"":""40""},{""x"":""52"",""y"":""70"",""s"":""6"",""f"":""40""},{""x"":""59"",""y"":""84"",""s"":""6"",""f"":""40""}]}",17002
p,"{""width"":77,""height"":195,""points"":[{""x"":""15"",""y"":""88"",""s"":""10"",""f"":""0""},{""x"":""18"",""y"":""108"",""s"":""9"",""f"":""30""},{""x"":""31"",""y"":""97"",""s"":""9"",""f"":""50""},{""x"":""18"",""y"":""126"",""s"":""8"",""f"":""50""},{""x"":""45"",""y"":""96"",""s"":""7"",""f"":""60""},{""x"":""57"",""y"":""103"",""s"":""7"",""f"":""105""},{""x"":""17"",""y"":""143"",""s"":""7"",""f"":""105""},{""x"":""60"",""y"":""117"",""s"":""7"",""f"":""140""},{""x"":""60"",""y"":""131"",""s"":""7"",""f"":""140""},{""x"":""20"",""y"":""158"",""s"":""7"",""f"":""130""},{""x"":""51"",""y"":""143"",""s"":""7"",""f"":""130""},{""x"":""31"",""y"":""148"",""s"":""6"",""f"":""155""},{""x"":""17"",""y"":""172"",""s"":""6"",""f"":""155""},{""x"":""16"",""y"":""186"",""s"":""5"",""f"":""175""}]}",18001
U,"{""width"":105,""height"":195,""points"":[{""x"":""34"",""y"":""145"",""s"":""9"",""f"":""0""},{""x"":""51"",""y"":""151"",""s"":""8"",""f"":""0""},{""x"":""20"",""y"":""128"",""s"":""7"",""f"":""0""},{""x"":""67"",""y"":""145"",""s"":""7"",""f"":""70""},{""x"":""19"",""y"":""107"",""s"":""7"",""f"":""115""},{""x"":""80"",""y"":""137"",""s"":""7"",""f"":""135""},{""x"":""86"",""y"":""122"",""s"":""7"",""f"":""135""},{""x"":""18"",""y"":""88"",""s"":""7"",""f"":""135""},{""x"":""89"",""y"":""105"",""s"":""6"",""f"":""165""},{""x"":""19"",""y"":""68"",""s"":""6"",""f"":""165""},{""x"":""88"",""y"":""87"",""s"":""6"",""f"":""165""},{""x"":""91"",""y"":""70"",""s"":""6"",""f"":""195""}]}",18002
&amp;,"{""width"":""94"",""height"":195,""points"":[{""x"":""80"",""y"":""151"",""s"":""10"",""f"":""0""},{""x"":""68"",""y"":""134"",""s"":""9"",""f"":""85""},{""x"":""58"",""y"":""117"",""s"":""9"",""f"":""85""},{""x"":""48"",""y"":""98"",""s"":""9"",""f"":""85""},{""x"":""39"",""y"":""80"",""s"":""9"",""f"":""85""},{""x"":""32"",""y"":""99"",""s"":""7"",""f"":""150""},{""x"":""20"",""y"":""108"",""s"":""7"",""f"":""150""},{""x"":""11"",""y"":""120"",""s"":""6"",""f"":""150""},{""x"":""10"",""y"":""133"",""s"":""6"",""f"":""150""},{""x"":""17"",""y"":""143"",""s"":""5"",""f"":""150""},{""x"":""27"",""y"":""148"",""s"":""6"",""f"":""120""},{""x"":""40"",""y"":""150"",""s"":""6"",""f"":""40""},{""x"":""54"",""y"":""147"",""s"":""6"",""f"":""40""},{""x"":""76"",""y"":""123"",""s"":""6"",""f"":""40""},{""x"":""81"",""y"":""108"",""s"":""6"",""f"":""40""},{""x"":""56"",""y"":""81"",""s"":""6"",""f"":""40""},{""x"":""63"",""y"":""69"",""s"":""5"",""f"":""15""},{""x"":""60"",""y"":""57"",""s"":""5"",""f"":""15""},{""x"":""47"",""y"":""52"",""s"":""5"",""f"":""15""},{""x"":""44"",""y"":""63"",""s"":""5"",""f"":""15""}]}",18003
s,"{""width"":70,""height"":195,""points"":[{""x"":""10"",""y"":""143"",""s"":""8"",""f"":""0""},{""x"":""23"",""y"":""150"",""s"":""8"",""f"":""20""},{""x"":""44"",""y"":""149"",""s"":""8"",""f"":""45""},{""x"":""57"",""y"":""135"",""s"":""8"",""f"":""65""},{""x"":""44"",""y"":""122"",""s"":""8"",""f"":""95""},{""x"":""25"",""y"":""114"",""s"":""8"",""f"":""110""},{""x"":""17"",""y"":""98"",""s"":""7"",""f"":""110""},{""x"":""33"",""y"":""91"",""s"":""7"",""f"":""140""},{""x"":""45"",""y"":""88"",""s"":""7"",""f"":""155""},{""x"":""57"",""y"":""91"",""s"":""7"",""f"":""155""}]}",19001
w,"{""width"":98,""height"":195,""points"":[{""x"":""24"",""y"":""148"",""s"":""10"",""f"":""0""},{""x"":""67"",""y"":""151"",""s"":""10"",""f"":""0""},{""x"":""34"",""y"":""133"",""s"":""9"",""f"":""35""},{""x"":""61"",""y"":""134"",""s"":""9"",""f"":""35""},{""x"":""76"",""y"":""132"",""s"":""8"",""f"":""35""},{""x"":""16"",""y"":""130"",""s"":""8"",""f"":""35""},{""x"":""14"",""y"":""112"",""s"":""7"",""f"":""75""},{""x"":""40"",""y"":""118"",""s"":""7"",""f"":""75""},{""x"":""58"",""y"":""117"",""s"":""7"",""f"":""75""},{""x"":""82"",""y"":""117"",""s"":""7"",""f"":""115""},{""x"":""86"",""y"":""100"",""s"":""7"",""f"":""115""},{""x"":""51"",""y"":""101"",""s"":""7"",""f"":""115""},{""x"":""11"",""y"":""95"",""s"":""7"",""f"":""115""}]}",20001
5,"{""width"":""87"",""height"":195,""points"":[{""x"":""21"",""y"":""55"",""s"":""9"",""f"":""0""},{""x"":""38"",""y"":""56"",""s"":""9"",""f"":""0""},{""x"":""53"",""y"":""57"",""s"":""9"",""f"":""0""},{""x"":""69"",""y"":""55"",""s"":""9"",""f"":""0""},{""x"":""20"",""y"":""71"",""s"":""8"",""f"":""0""},{""x"":""18"",""y"":""87"",""s"":""8"",""f"":""0""},{""x"":""18"",""y"":""104"",""s"":""8"",""f"":""0""},{""x"":""32"",""y"":""95"",""s"":""8"",""f"":""0""},{""x"":""46"",""y"":""89"",""s"":""7"",""f"":""0""},{""x"":""57"",""y"":""91"",""s"":""7"",""f"":""35""},{""x"":""64"",""y"":""101"",""s"":""7"",""f"":""35""},{""x"":""71"",""y"":""113"",""s"":""7"",""f"":""75""},{""x"":""69"",""y"":""127"",""s"":""7"",""f"":""75""},{""x"":""61"",""y"":""140"",""s"":""7"",""f"":""75""},{""x"":""49"",""y"":""146"",""s"":""6"",""f"":""75""},{""x"":""34"",""y"":""146"",""s"":""6"",""f"":""75""},{""x"":""22"",""y"":""140"",""s"":""6"",""f"":""75""}]}",20002
x,"{""width"":85,""height"":195,""points"":[{""x"":""10"",""y"":""148"",""s"":""8"",""f"":""0""},{""x"":""21"",""y"":""137"",""s"":""8"",""f"":""45""},{""x"":""33"",""y"":""125"",""s"":""7"",""f"":""55""},{""x"":""50"",""y"":""124"",""s"":""7"",""f"":""80""},{""x"":""58"",""y"":""135"",""s"":""7"",""f"":""80""},{""x"":""68"",""y"":""148"",""s"":""7"",""f"":""80""},{""x"":""40"",""y"":""111"",""s"":""7"",""f"":""100""},{""x"":""33"",""y"":""103"",""s"":""7"",""f"":""100""},{""x"":""21"",""y"":""86"",""s"":""7"",""f"":""100""},{""x"":""56"",""y"":""106"",""s"":""7"",""f"":""100""},{""x"":""67"",""y"":""92"",""s"":""7"",""f"":""135""}]}",21001
z,"{""width"":77,""height"":195,""points"":[{""x"":""19"",""y"":""152"",""s"":""10"",""f"":""0""},{""x"":""37"",""y"":""150"",""s"":""9"",""f"":""25""},{""x"":""53"",""y"":""150"",""s"":""8"",""f"":""70""},{""x"":""31"",""y"":""132"",""s"":""8"",""f"":""70""},{""x"":""42"",""y"":""121"",""s"":""7"",""f"":""90""},{""x"":""53"",""y"":""109"",""s"":""7"",""f"":""90""},{""x"":""61"",""y"":""92"",""s"":""7"",""f"":""90""},{""x"":""40"",""y"":""89"",""s"":""7"",""f"":""115""},{""x"":""23"",""y"":""89"",""s"":""7"",""f"":""155""}]}",22001
D,"{""width"":103,""height"":195,""points"":[{""x"":""19"",""y"":""148"",""s"":""8"",""f"":""0""},{""x"":""34"",""y"":""154"",""s"":""8"",""f"":""45""},{""x"":""60"",""y"":""149"",""s"":""8"",""f"":""80""},{""x"":""80"",""y"":""141"",""s"":""7"",""f"":""80""},{""x"":""86"",""y"":""123"",""s"":""7"",""f"":""90""},{""x"":""20"",""y"":""128"",""s"":""8"",""f"":""25""},{""x"":""20"",""y"":""110"",""s"":""8"",""f"":""25""},{""x"":""21"",""y"":""91"",""s"":""8"",""f"":""55""},{""x"":""21"",""y"":""73"",""s"":""8"",""f"":""85""},{""x"":""23"",""y"":""57"",""s"":""8"",""f"":""100""},{""x"":""37"",""y"":""63"",""s"":""8"",""f"":""115""},{""x"":""52"",""y"":""70"",""s"":""7"",""f"":""135""},{""x"":""66"",""y"":""78"",""s"":""7"",""f"":""135""},{""x"":""86"",""y"":""109"",""s"":""7"",""f"":""185""},{""x"":""79"",""y"":""90"",""s"":""7"",""f"":""185""}]}",23001
I,"{""width"":78,""height"":195,""points"":[{""x"":""13"",""y"":""152"",""s"":""9"",""f"":""40""},{""x"":""36"",""y"":""146"",""s"":""9"",""f"":""70""},{""x"":""53"",""y"":""146"",""s"":""8"",""f"":""110""},{""x"":""68"",""y"":""145"",""s"":""8"",""f"":""110""},{""x"":""35"",""y"":""125"",""s"":""8"",""f"":""100""},{""x"":""38"",""y"":""105"",""s"":""7"",""f"":""100""},{""x"":""37"",""y"":""88"",""s"":""7"",""f"":""135""},{""x"":""38"",""y"":""72"",""s"":""7"",""f"":""135""},{""x"":""52"",""y"":""61"",""s"":""7"",""f"":""170""},{""x"":""65"",""y"":""60"",""s"":""7"",""f"":""175""},{""x"":""40"",""y"":""58"",""s"":""7"",""f"":""120""},{""x"":""24"",""y"":""58"",""s"":""6"",""f"":""75""},{""x"":""12"",""y"":""59"",""s"":""6"",""f"":""50""}]}",23002
E,"{""width"":89,""height"":195,""points"":[{""x"":""19"",""y"":""149"",""s"":""10"",""f"":""0""},{""x"":""18"",""y"":""103"",""s"":""10"",""f"":""0""},{""x"":""22"",""y"":""55"",""s"":""9"",""f"":""40""},{""x"":""17"",""y"":""126"",""s"":""9"",""f"":""40""},{""x"":""20"",""y"":""79"",""s"":""8"",""f"":""75""},{""x"":""36"",""y"":""155"",""s"":""8"",""f"":""75""},{""x"":""38"",""y"":""101"",""s"":""8"",""f"":""75""},{""x"":""40"",""y"":""52"",""s"":""7"",""f"":""100""},{""x"":""54"",""y"":""157"",""s"":""7"",""f"":""100""},{""x"":""53"",""y"":""100"",""s"":""7"",""f"":""100""},{""x"":""56"",""y"":""53"",""s"":""7"",""f"":""130""},{""x"":""71"",""y"":""155"",""s"":""7"",""f"":""130""},{""x"":""70"",""y"":""99"",""s"":""7"",""f"":""130""},{""x"":""73"",""y"":""51"",""s"":""7"",""f"":""130""}]}",24001
:,"{""width"":44,""height"":195,""points"":[{""x"":""21"",""y"":""134"",""s"":""10"",""f"":""0""},{""x"":""23"",""y"":""86"",""s"":""10"",""f"":""185""}]}",24002
G,"{""width"":97,""height"":195,""points"":[{""x"":""25"",""y"":""148"",""s"":""8"",""f"":""0""},{""x"":""61"",""y"":""145"",""s"":""8"",""f"":""0""},{""x"":""16"",""y"":""109"",""s"":""8"",""f"":""30""},{""x"":""43"",""y"":""151"",""s"":""8"",""f"":""30""},{""x"":""15"",""y"":""132"",""s"":""7"",""f"":""85""},{""x"":""77"",""y"":""132"",""s"":""7"",""f"":""85""},{""x"":""23"",""y"":""83"",""s"":""7"",""f"":""120""},{""x"":""83"",""y"":""110"",""s"":""7"",""f"":""120""},{""x"":""36"",""y"":""66"",""s"":""6"",""f"":""120""},{""x"":""49"",""y"":""53"",""s"":""6"",""f"":""120""},{""x"":""67"",""y"":""106"",""s"":""6"",""f"":""145""},{""x"":""53"",""y"":""112"",""s"":""6"",""f"":""145""},{""x"":""63"",""y"":""57"",""s"":""6"",""f"":""170""},{""x"":""40"",""y"":""114"",""s"":""6"",""f"":""170""},{""x"":""76"",""y"":""59"",""s"":""6"",""f"":""170""}]}",25001
H,"{""width"":110,""height"":195,""points"":[{""x"":""16"",""y"":""152"",""s"":""10"",""f"":""0""},{""x"":""92"",""y"":""148"",""s"":""9"",""f"":""25""},{""x"":""92"",""y"":""129"",""s"":""9"",""f"":""25""},{""x"":""18"",""y"":""130"",""s"":""8"",""f"":""70""},{""x"":""90"",""y"":""109"",""s"":""8"",""f"":""70""},{""x"":""19"",""y"":""109"",""s"":""8"",""f"":""70""},{""x"":""33"",""y"":""110"",""s"":""8"",""f"":""100""},{""x"":""53"",""y"":""106"",""s"":""8"",""f"":""100""},{""x"":""70"",""y"":""104"",""s"":""8"",""f"":""100""},{""x"":""94"",""y"":""90"",""s"":""8"",""f"":""125""},{""x"":""95"",""y"":""68"",""s"":""8"",""f"":""125""},{""x"":""18"",""y"":""85"",""s"":""7"",""f"":""155""},{""x"":""22"",""y"":""66"",""s"":""7"",""f"":""155""},{""x"":""22"",""y"":""47"",""s"":""7"",""f"":""155""},{""x"":""95"",""y"":""49"",""s"":""7"",""f"":""155""}]}",26001
R,"{""width"":90,""height"":195,""points"":[{""x"":""17"",""y"":""148"",""s"":""8"",""f"":""0""},{""x"":""17"",""y"":""134"",""s"":""7"",""f"":""60""},{""x"":""17"",""y"":""120"",""s"":""8"",""f"":""20""},{""x"":""18"",""y"":""71"",""s"":""8"",""f"":""20""},{""x"":""19"",""y"":""57"",""s"":""10"",""f"":""20""},{""x"":""51"",""y"":""63"",""s"":""8"",""f"":""20""},{""x"":""64"",""y"":""72"",""s"":""8"",""f"":""20""},{""x"":""30"",""y"":""114"",""s"":""8"",""f"":""20""},{""x"":""42"",""y"":""124"",""s"":""5"",""f"":""20""},{""x"":""54"",""y"":""127"",""s"":""6"",""f"":""20""},{""x"":""64"",""y"":""134"",""s"":""7"",""f"":""20""},{""x"":""75"",""y"":""145"",""s"":""8"",""f"":""20""},{""x"":""73"",""y"":""85"",""s"":""8"",""f"":""80""},{""x"":""70"",""y"":""98"",""s"":""8"",""f"":""120""},{""x"":""59"",""y"":""108"",""s"":""8"",""f"":""95""},{""x"":""46"",""y"":""114"",""s"":""8"",""f"":""85""},{""x"":""18"",""y"":""86"",""s"":""8"",""f"":""110""},{""x"":""18"",""y"":""103"",""s"":""9"",""f"":""80""},{""x"":""35"",""y"":""59"",""s"":""9"",""f"":""40""}]}",26002
J,"{""width"":95,""height"":195,""points"":[{""x"":""32"",""y"":""55"",""s"":""10"",""f"":""0""},{""x"":""84"",""y"":""57"",""s"":""9"",""f"":""35""},{""x"":""49"",""y"":""59"",""s"":""9"",""f"":""35""},{""x"":""65"",""y"":""58"",""s"":""8"",""f"":""55""},{""x"":""60"",""y"":""71"",""s"":""8"",""f"":""55""},{""x"":""60"",""y"":""90"",""s"":""8"",""f"":""90""},{""x"":""61"",""y"":""105"",""s"":""8"",""f"":""90""},{""x"":""55"",""y"":""126"",""s"":""8"",""f"":""105""},{""x"":""54"",""y"":""141"",""s"":""7"",""f"":""135""},{""x"":""46"",""y"":""153"",""s"":""7"",""f"":""135""},{""x"":""28"",""y"":""151"",""s"":""7"",""f"":""160""},{""x"":""14"",""y"":""136"",""s"":""7"",""f"":""160""}]}",27001
"""","{""width"":""61"",""height"":195,""points"":[{""x"":""15"",""y"":""51"",""s"":""5"",""f"":""0""},{""x"":""16"",""y"":""61"",""s"":""5"",""f"":""0""},{""x"":""14"",""y"":""73"",""s"":""5"",""f"":""0""},{""x"":""14"",""y"":""85"",""s"":""5"",""f"":""0""},{""x"":""44"",""y"":""53"",""s"":""5"",""f"":""0""},{""x"":""43"",""y"":""66"",""s"":""5"",""f"":""0""},{""x"":""42"",""y"":""77"",""s"":""5"",""f"":""0""},{""x"":""40"",""y"":""87"",""s"":""5"",""f"":""0""}]}",27002
K,"{""width"":88,""height"":195,""points"":[{""x"":""24"",""y"":""155"",""s"":""9"",""f"":""35""},{""x"":""78"",""y"":""150"",""s"":""9"",""f"":""35""},{""x"":""23"",""y"":""135"",""s"":""8"",""f"":""35""},{""x"":""61"",""y"":""136"",""s"":""8"",""f"":""35""},{""x"":""46"",""y"":""126"",""s"":""8"",""f"":""60""},{""x"":""22"",""y"":""117"",""s"":""8"",""f"":""60""},{""x"":""36"",""y"":""110"",""s"":""8"",""f"":""75""},{""x"":""22"",""y"":""95"",""s"":""7"",""f"":""85""},{""x"":""43"",""y"":""92"",""s"":""7"",""f"":""85""},{""x"":""52"",""y"":""82"",""s"":""7"",""f"":""85""},{""x"":""21"",""y"":""78"",""s"":""7"",""f"":""130""},{""x"":""23"",""y"":""59"",""s"":""7"",""f"":""130""},{""x"":""67"",""y"":""71"",""s"":""7"",""f"":""130""},{""x"":""75"",""y"":""57"",""s"":""7"",""f"":""130""}]}",28001
v,"{""width"":70,""height"":195,""points"":[{""x"":""12"",""y"":""88"",""s"":""9"",""f"":""0""},{""x"":""32"",""y"":""138"",""s"":""5"",""f"":""0""},{""x"":""36"",""y"":""148"",""s"":""9"",""f"":""0""},{""x"":""44"",""y"":""133"",""s"":""8"",""f"":""0""},{""x"":""60"",""y"":""84"",""s"":""6"",""f"":""120""},{""x"":""57"",""y"":""96"",""s"":""6"",""f"":""85""},{""x"":""53"",""y"":""107"",""s"":""6"",""f"":""50""},{""x"":""50"",""y"":""120"",""s"":""7"",""f"":""35""},{""x"":""26"",""y"":""115"",""s"":""7"",""f"":""55""},{""x"":""29"",""y"":""127"",""s"":""6"",""f"":""60""},{""x"":""20"",""y"":""101"",""s"":""8"",""f"":""40""}]}",28002
0,"{""width"":""87"",""height"":195,""points"":[{""x"":""67"",""y"":""138"",""s"":""10"",""f"":""0""},{""x"":""48"",""y"":""148"",""s"":""10"",""f"":""0""},{""x"":""73"",""y"":""117"",""s"":""9"",""f"":""65""},{""x"":""74"",""y"":""95"",""s"":""9"",""f"":""65""},{""x"":""22"",""y"":""144"",""s"":""8"",""f"":""90""},{""x"":""69"",""y"":""76"",""s"":""8"",""f"":""90""},{""x"":""15"",""y"":""126"",""s"":""8"",""f"":""90""},{""x"":""12"",""y"":""104"",""s"":""7"",""f"":""120""},{""x"":""58"",""y"":""63"",""s"":""7"",""f"":""120""},{""x"":""13"",""y"":""87"",""s"":""6"",""f"":""120""},{""x"":""46"",""y"":""57"",""s"":""6"",""f"":""120""},{""x"":""20"",""y"":""75"",""s"":""6"",""f"":""180""},{""x"":""27"",""y"":""64"",""s"":""6"",""f"":""180""}]}",28003
#,"{""width"":""120"",""height"":195,""points"":[{""x"":""31"",""y"":""120"",""s"":""9"",""f"":""0""},{""x"":""79"",""y"":""120"",""s"":""9"",""f"":""0""},{""x"":""90"",""y"":""79"",""s"":""9"",""f"":""0""},{""x"":""43"",""y"":""80"",""s"":""9"",""f"":""0""},{""x"":""48"",""y"":""120"",""s"":""7"",""f"":""80""},{""x"":""62"",""y"":""121"",""s"":""7"",""f"":""80""},{""x"":""83"",""y"":""103"",""s"":""7"",""f"":""80""},{""x"":""86"",""y"":""92"",""s"":""7"",""f"":""80""},{""x"":""73"",""y"":""79"",""s"":""7"",""f"":""80""},{""x"":""59"",""y"":""79"",""s"":""7"",""f"":""80""},{""x"":""26"",""y"":""79"",""s"":""7"",""f"":""80""},{""x"":""11"",""y"":""79"",""s"":""7"",""f"":""80""},{""x"":""47"",""y"":""64"",""s"":""7"",""f"":""80""},{""x"":""51"",""y"":""49"",""s"":""7"",""f"":""80""},{""x"":""94"",""y"":""62"",""s"":""7"",""f"":""80""},{""x"":""98"",""y"":""46"",""s"":""7"",""f"":""80""},{""x"":""107"",""y"":""79"",""s"":""7"",""f"":""80""},{""x"":""118"",""y"":""79"",""s"":""7"",""f"":""80""},{""x"":""92"",""y"":""121"",""s"":""7"",""f"":""80""},{""x"":""107"",""y"":""120"",""s"":""7"",""f"":""80""},{""x"":""75"",""y"":""137"",""s"":""7"",""f"":""80""},{""x"":""70"",""y"":""150"",""s"":""7"",""f"":""80""},{""x"":""28"",""y"":""135"",""s"":""7"",""f"":""80""},{""x"":""23"",""y"":""147"",""s"":""7"",""f"":""80""},{""x"":""37"",""y"":""104"",""s"":""7"",""f"":""80""},{""x"":""39"",""y"":""93"",""s"":""7"",""f"":""80""},{""x"":""17"",""y"":""121"",""s"":""7"",""f"":""80""},{""x"":""3"",""y"":""120"",""s"":""7"",""f"":""80""}]}",28004
N,"{""width"":114,""height"":195,""points"":[{""x"":""16"",""y"":""151"",""s"":""8"",""f"":""0""},{""x"":""19"",""y"":""55"",""s"":""8"",""f"":""0""},{""x"":""95"",""y"":""59"",""s"":""8"",""f"":""0""},{""x"":""98"",""y"":""147"",""s"":""8"",""f"":""0""},{""x"":""98"",""y"":""132"",""s"":""7"",""f"":""0""},{""x"":""16"",""y"":""133"",""s"":""7"",""f"":""0""},{""x"":""17"",""y"":""71"",""s"":""7"",""f"":""0""},{""x"":""100"",""y"":""72"",""s"":""7"",""f"":""30""},{""x"":""101"",""y"":""119"",""s"":""7"",""f"":""30""},{""x"":""103"",""y"":""86"",""s"":""7"",""f"":""30""},{""x"":""17"",""y"":""119"",""s"":""7"",""f"":""30""},{""x"":""84"",""y"":""138"",""s"":""7"",""f"":""30""},{""x"":""74"",""y"":""126"",""s"":""7"",""f"":""30""},{""x"":""32"",""y"":""68"",""s"":""6"",""f"":""65""},{""x"":""37"",""y"":""80"",""s"":""6"",""f"":""65""},{""x"":""45"",""y"":""90"",""s"":""6"",""f"":""65""},{""x"":""63"",""y"":""112"",""s"":""6"",""f"":""65""},{""x"":""101"",""y"":""102"",""s"":""6"",""f"":""65""},{""x"":""17"",""y"":""108"",""s"":""6"",""f"":""110""},{""x"":""54"",""y"":""101"",""s"":""6"",""f"":""110""},{""x"":""18"",""y"":""93"",""s"":""6"",""f"":""110""},{""x"":""16"",""y"":""81"",""s"":""6"",""f"":""110""}]}",29001
4,"{""width"":""87"",""height"":195,""points"":[{""x"":""10"",""y"":""117"",""s"":""9"",""f"":""0""},{""x"":""25"",""y"":""118"",""s"":""9"",""f"":""0""},{""x"":""39"",""y"":""117"",""s"":""9"",""f"":""0""},{""x"":""55"",""y"":""117"",""s"":""9"",""f"":""0""},{""x"":""70"",""y"":""117"",""s"":""9"",""f"":""0""},{""x"":""61"",""y"":""98"",""s"":""8"",""f"":""0""},{""x"":""61"",""y"":""78"",""s"":""7"",""f"":""0""},{""x"":""61"",""y"":""58"",""s"":""7"",""f"":""0""},{""x"":""46"",""y"":""68"",""s"":""7"",""f"":""0""},{""x"":""36"",""y"":""82"",""s"":""7"",""f"":""0""},{""x"":""27"",""y"":""94"",""s"":""7"",""f"":""0""},{""x"":""61"",""y"":""136"",""s"":""7"",""f"":""0""},{""x"":""61"",""y"":""149"",""s"":""7"",""f"":""0""}]}",29002
O,"{""width"":114,""height"":195,""points"":[{""x"":""40"",""y"":""147"",""s"":""10"",""f"":""0""},{""x"":""82"",""y"":""142"",""s"":""10"",""f"":""0""},{""x"":""16"",""y"":""119"",""s"":""9"",""f"":""45""},{""x"":""63"",""y"":""151"",""s"":""9"",""f"":""45""},{""x"":""22"",""y"":""136"",""s"":""8"",""f"":""95""},{""x"":""91"",""y"":""122"",""s"":""8"",""f"":""95""},{""x"":""17"",""y"":""96"",""s"":""8"",""f"":""95""},{""x"":""97"",""y"":""108"",""s"":""7"",""f"":""95""},{""x"":""97"",""y"":""89"",""s"":""7"",""f"":""95""},{""x"":""24"",""y"":""78"",""s"":""7"",""f"":""150""},{""x"":""94"",""y"":""71"",""s"":""7"",""f"":""150""},{""x"":""40"",""y"":""66"",""s"":""6"",""f"":""150""},{""x"":""54"",""y"":""60"",""s"":""6"",""f"":""150""},{""x"":""87"",""y"":""60"",""s"":""6"",""f"":""160""},{""x"":""73"",""y"":""59"",""s"":""6"",""f"":""160""}]}",30001
P,"{""width"":75,""height"":195,""points"":[{""x"":""49"",""y"":""56"",""s"":""5"",""f"":""0""},{""x"":""56"",""y"":""65"",""s"":""5"",""f"":""35""},{""x"":""62"",""y"":""78"",""s"":""5"",""f"":""35""},{""x"":""34"",""y"":""54"",""s"":""6"",""f"":""35""},{""x"":""56"",""y"":""93"",""s"":""6"",""f"":""55""},{""x"":""17"",""y"":""51"",""s"":""6"",""f"":""55""},{""x"":""17"",""y"":""64"",""s"":""6"",""f"":""55""},{""x"":""49"",""y"":""100"",""s"":""6"",""f"":""105""},{""x"":""34"",""y"":""104"",""s"":""6"",""f"":""105""},{""x"":""15"",""y"":""78"",""s"":""7"",""f"":""105""},{""x"":""19"",""y"":""96"",""s"":""7"",""f"":""105""},{""x"":""16"",""y"":""111"",""s"":""7"",""f"":""130""},{""x"":""13"",""y"":""125"",""s"":""7"",""f"":""130""},{""x"":""13"",""y"":""140"",""s"":""7"",""f"":""130""}]}",31001
Q,"{""width"":125,""height"":195,""points"":[{""x"":""113"",""y"":""176"",""s"":""10"",""f"":""0""},{""x"":""97"",""y"":""161"",""s"":""9"",""f"":""0""},{""x"":""82"",""y"":""147"",""s"":""9"",""f"":""0""},{""x"":""64"",""y"":""133"",""s"":""7"",""f"":""40""},{""x"":""97"",""y"":""136"",""s"":""7"",""f"":""40""},{""x"":""62"",""y"":""154"",""s"":""7"",""f"":""75""},{""x"":""106"",""y"":""120"",""s"":""7"",""f"":""75""},{""x"":""41"",""y"":""151"",""s"":""6"",""f"":""100""},{""x"":""108"",""y"":""103"",""s"":""6"",""f"":""100""},{""x"":""24"",""y"":""142"",""s"":""6"",""f"":""100""},{""x"":""103"",""y"":""88"",""s"":""6"",""f"":""100""},{""x"":""15"",""y"":""124"",""s"":""6"",""f"":""125""},{""x"":""97"",""y"":""73"",""s"":""6"",""f"":""125""},{""x"":""12"",""y"":""107"",""s"":""6"",""f"":""125""},{""x"":""15"",""y"":""94"",""s"":""6"",""f"":""180""},{""x"":""84"",""y"":""61"",""s"":""6"",""f"":""180""},{""x"":""24"",""y"":""80"",""s"":""6"",""f"":""180""},{""x"":""35"",""y"":""71"",""s"":""5"",""f"":""210""},{""x"":""71"",""y"":""57"",""s"":""5"",""f"":""210""},{""x"":""55"",""y"":""58"",""s"":""5"",""f"":""210""},{""x"":""43"",""y"":""63"",""s"":""5"",""f"":""210""}]}",32001
T,"{""width"":97,""height"":195,""points"":[{""x"":""14"",""y"":""57"",""s"":""9"",""f"":""0""},{""x"":""92"",""y"":""59"",""s"":""9"",""f"":""0""},{""x"":""54"",""y"":""144"",""s"":""9"",""f"":""40""},{""x"":""55"",""y"":""125"",""s"":""8"",""f"":""40""},{""x"":""75"",""y"":""60"",""s"":""7"",""f"":""70""},{""x"":""30"",""y"":""59"",""s"":""7"",""f"":""70""},{""x"":""58"",""y"":""59"",""s"":""6"",""f"":""70""},{""x"":""46"",""y"":""59"",""s"":""6"",""f"":""100""},{""x"":""51"",""y"":""72"",""s"":""6"",""f"":""150""},{""x"":""53"",""y"":""109"",""s"":""6"",""f"":""150""},{""x"":""53"",""y"":""97"",""s"":""6"",""f"":""170""},{""x"":""53"",""y"":""85"",""s"":""6"",""f"":""205""}]}",33001
u,"{""width"":75,""height"":195,""points"":[{""x"":""58"",""y"":""148"",""s"":""9"",""f"":""0""},{""x"":""60"",""y"":""128"",""s"":""8"",""f"":""25""},{""x"":""38"",""y"":""150"",""s"":""8"",""f"":""75""},{""x"":""21"",""y"":""147"",""s"":""7"",""f"":""75""},{""x"":""61"",""y"":""109"",""s"":""7"",""f"":""75""},{""x"":""17"",""y"":""128"",""s"":""7"",""f"":""90""},{""x"":""13"",""y"":""110"",""s"":""7"",""f"":""130""},{""x"":""62"",""y"":""92"",""s"":""7"",""f"":""130""},{""x"":""14"",""y"":""90"",""s"":""7"",""f"":""130""}]}",34001
V,"{""width"":93,""height"":195,""points"":[{""x"":""47"",""y"":""146"",""s"":""10"",""f"":""0""},{""x"":""38"",""y"":""128"",""s"":""9"",""f"":""0""},{""x"":""33"",""y"":""111"",""s"":""8"",""f"":""0""},{""x"":""26"",""y"":""81"",""s"":""8"",""f"":""0""},{""x"":""22"",""y"":""66"",""s"":""7"",""f"":""0""},{""x"":""19"",""y"":""54"",""s"":""8"",""f"":""0""},{""x"":""56"",""y"":""130"",""s"":""8"",""f"":""0""},{""x"":""86"",""y"":""55"",""s"":""8"",""f"":""0""},{""x"":""77"",""y"":""70"",""s"":""8"",""f"":""30""},{""x"":""72"",""y"":""85"",""s"":""8"",""f"":""65""},{""x"":""66"",""y"":""100"",""s"":""8"",""f"":""90""},{""x"":""61"",""y"":""115"",""s"":""8"",""f"":""65""},{""x"":""30"",""y"":""96"",""s"":""8"",""f"":""65""}]}",34002
+,"{""width"":""69"",""height"":195,""points"":[{""x"":""32"",""y"":""109"",""s"":""10"",""f"":""0""},{""x"":""32"",""y"":""92"",""s"":""6"",""f"":""215""},{""x"":""47"",""y"":""109"",""s"":""6"",""f"":""215""},{""x"":""32"",""y"":""126"",""s"":""6"",""f"":""215""},{""x"":""14"",""y"":""109"",""s"":""6"",""f"":""215""},{""x"":""33"",""y"":""137"",""s"":""6"",""f"":""215""},{""x"":""60"",""y"":""110"",""s"":""6"",""f"":""215""},{""x"":""32"",""y"":""79"",""s"":""6"",""f"":""215""},{""x"":""4"",""y"":""109"",""s"":""6"",""f"":""215""}]}",34003
X,"{""width"":103,""height"":195,""points"":[{""x"":""11"",""y"":""149"",""s"":""8"",""f"":""0""},{""x"":""23"",""y"":""140"",""s"":""8"",""f"":""0""},{""x"":""87"",""y"":""148"",""s"":""8"",""f"":""10""},{""x"":""76"",""y"":""134"",""s"":""7"",""f"":""40""},{""x"":""69"",""y"":""121"",""s"":""7"",""f"":""40""},{""x"":""34"",""y"":""126"",""s"":""7"",""f"":""40""},{""x"":""45"",""y"":""114"",""s"":""6"",""f"":""80""},{""x"":""62"",""y"":""109"",""s"":""6"",""f"":""80""},{""x"":""53"",""y"":""99"",""s"":""6"",""f"":""130""},{""x"":""65"",""y"":""92"",""s"":""6"",""f"":""130""},{""x"":""41"",""y"":""86"",""s"":""6"",""f"":""155""},{""x"":""76"",""y"":""77"",""s"":""6"",""f"":""155""},{""x"":""32"",""y"":""78"",""s"":""6"",""f"":""155""},{""x"":""87"",""y"":""64"",""s"":""6"",""f"":""155""},{""x"":""25"",""y"":""64"",""s"":""6"",""f"":""155""},{""x"":""14"",""y"":""57"",""s"":""6"",""f"":""155""},{""x"":""94"",""y"":""55"",""s"":""6"",""f"":""155""}]}",35001
Z,"{""width"":99,""height"":195,""points"":[{""x"":""15"",""y"":""146"",""s"":""10"",""f"":""0""},{""x"":""89"",""y"":""148"",""s"":""10"",""f"":""0""},{""x"":""33"",""y"":""149"",""s"":""9"",""f"":""0""},{""x"":""52"",""y"":""150"",""s"":""9"",""f"":""0""},{""x"":""69"",""y"":""150"",""s"":""8"",""f"":""50""},{""x"":""27"",""y"":""129"",""s"":""8"",""f"":""50""},{""x"":""38"",""y"":""112"",""s"":""7"",""f"":""105""},{""x"":""47"",""y"":""97"",""s"":""7"",""f"":""105""},{""x"":""57"",""y"":""87"",""s"":""7"",""f"":""135""},{""x"":""67"",""y"":""74"",""s"":""7"",""f"":""135""},{""x"":""79"",""y"":""68"",""s"":""7"",""f"":""135""},{""x"":""91"",""y"":""61"",""s"":""7"",""f"":""160""},{""x"":""15"",""y"":""56"",""s"":""7"",""f"":""90""},{""x"":""29"",""y"":""58"",""s"":""7"",""f"":""105""},{""x"":""45"",""y"":""60"",""s"":""7"",""f"":""125""},{""x"":""61"",""y"":""58"",""s"":""7"",""f"":""155""},{""x"":""75"",""y"":""55"",""s"":""7"",""f"":""135""}]}",36001
 ,"{""width"":""40"",""height"":0,""points"":[]}",37001
L,"{""width"":79,""height"":195,""points"":[{""x"":""16"",""y"":""152"",""s"":""9"",""f"":""0""},{""x"":""15"",""y"":""135"",""s"":""8"",""f"":""0""},{""x"":""16"",""y"":""118"",""s"":""8"",""f"":""0""},{""x"":""17"",""y"":""86"",""s"":""7"",""f"":""0""},{""x"":""19"",""y"":""71"",""s"":""6"",""f"":""0""},{""x"":""18"",""y"":""55"",""s"":""7"",""f"":""0""},{""x"":""68"",""y"":""145"",""s"":""10"",""f"":""0""},{""x"":""56"",""y"":""148"",""s"":""9"",""f"":""100""},{""x"":""44"",""y"":""151"",""s"":""7"",""f"":""105""},{""x"":""32"",""y"":""153"",""s"":""7"",""f"":""30""},{""x"":""17"",""y"":""101"",""s"":""7"",""f"":""100""}]}",38001
},"{""width"":""53"",""height"":195,""points"":[{""x"":""42"",""y"":""115"",""s"":""9"",""f"":""0""},{""x"":""31"",""y"":""104"",""s"":""7"",""f"":""80""},{""x"":""30"",""y"":""86"",""s"":""7"",""f"":""80""},{""x"":""30"",""y"":""72"",""s"":""7"",""f"":""80""},{""x"":""25"",""y"":""57"",""s"":""7"",""f"":""80""},{""x"":""32"",""y"":""128"",""s"":""7"",""f"":""80""},{""x"":""30"",""y"":""144"",""s"":""7"",""f"":""80""},{""x"":""27"",""y"":""158"",""s"":""7"",""f"":""80""},{""x"":""24"",""y"":""170"",""s"":""7"",""f"":""80""},{""x"":""11"",""y"":""174"",""s"":""5"",""f"":""155""},{""x"":""12"",""y"":""51"",""s"":""5"",""f"":""155""}]}",38002
!,"{""width"":35,""height"":195,""points"":[{""x"":""17"",""y"":""151"",""s"":""9"",""f"":""0""},{""x"":""18"",""y"":""50"",""s"":""8"",""f"":""0""},{""x"":""17"",""y"":""67"",""s"":""8"",""f"":""0""},{""x"":""17"",""y"":""85"",""s"":""7"",""f"":""0""},{""x"":""18"",""y"":""100"",""s"":""6"",""f"":""0""},{""x"":""18"",""y"":""114"",""s"":""5"",""f"":""0""},{""x"":""19"",""y"":""128"",""s"":""5"",""f"":""0""}]}",39001
=,"{""width"":""73"",""height"":195,""points"":[{""x"":""11"",""y"":""91"",""s"":""9"",""f"":""0""},{""x"":""27"",""y"":""90"",""s"":""9"",""f"":""0""},{""x"":""44"",""y"":""90"",""s"":""9"",""f"":""0""},{""x"":""59"",""y"":""90"",""s"":""9"",""f"":""0""},{""x"":""11"",""y"":""127"",""s"":""6"",""f"":""120""},{""x"":""21"",""y"":""128"",""s"":""6"",""f"":""120""},{""x"":""33"",""y"":""129"",""s"":""6"",""f"":""120""},{""x"":""44"",""y"":""129"",""s"":""6"",""f"":""120""},{""x"":""53"",""y"":""129"",""s"":""6"",""f"":""120""}]}",39002
/,"{""width"":74,""height"":195,""points"":[{""x"":""14"",""y"":""154"",""s"":""10"",""f"":""35""},{""x"":""23"",""y"":""133"",""s"":""9"",""f"":""55""},{""x"":""34"",""y"":""114"",""s"":""9"",""f"":""90""},{""x"":""42"",""y"":""96"",""s"":""9"",""f"":""90""},{""x"":""50"",""y"":""77"",""s"":""8"",""f"":""100""},{""x"":""59"",""y"":""62"",""s"":""8"",""f"":""100""}]}",40001
(,"{""width"":""53"",""height"":195,""points"":[{""x"":""39"",""y"":""177"",""s"":""10"",""f"":""0""},{""x"":""41"",""y"":""49"",""s"":""10"",""f"":""0""},{""x"":""27"",""y"":""63"",""s"":""9"",""f"":""0""},{""x"":""17"",""y"":""80"",""s"":""8"",""f"":""0""},{""x"":""25"",""y"":""168"",""s"":""8"",""f"":""0""},{""x"":""14"",""y"":""152"",""s"":""8"",""f"":""0""},{""x"":""10"",""y"":""135"",""s"":""7"",""f"":""0""},{""x"":""10"",""y"":""120"",""s"":""7"",""f"":""0""},{""x"":""13"",""y"":""93"",""s"":""7"",""f"":""0""},{""x"":""9"",""y"":""108"",""s"":""7"",""f"":""0""}]}",41001
',"{""width"":""56"",""height"":195,""points"":[{""x"":""27"",""y"":""72"",""s"":""5"",""f"":""0""},{""x"":""25"",""y"":""62"",""s"":""5"",""f"":""0""},{""x"":""27"",""y"":""51"",""s"":""5"",""f"":""0""}]}",42001
_,"{""width"":""90"",""height"":195,""points"":[{""x"":""0"",""y"":""172"",""s"":""5"",""f"":""0""},{""x"":""11"",""y"":""171"",""s"":""5"",""f"":""0""},{""x"":""21"",""y"":""169"",""s"":""5"",""f"":""0""},{""x"":""33"",""y"":""172"",""s"":""5"",""f"":""0""},{""x"":""45"",""y"":""172"",""s"":""5"",""f"":""0""},{""x"":""55"",""y"":""170"",""s"":""5"",""f"":""0""},{""x"":""66"",""y"":""172"",""s"":""5"",""f"":""0""},{""x"":""74"",""y"":""170"",""s"":""5"",""f"":""0""},{""x"":""85"",""y"":""170"",""s"":""5"",""f"":""0""}]}",42002
1,"{""width"":""65"",""height"":195,""points"":[{""x"":""19"",""y"":""149"",""s"":""9"",""f"":""0""},{""x"":""51"",""y"":""148"",""s"":""9"",""f"":""0""},{""x"":""39"",""y"":""53"",""s"":""9"",""f"":""0""},{""x"":""36"",""y"":""147"",""s"":""6"",""f"":""0""},{""x"":""35"",""y"":""135"",""s"":""6"",""f"":""0""},{""x"":""34"",""y"":""120"",""s"":""5"",""f"":""0""},{""x"":""34"",""y"":""109"",""s"":""5"",""f"":""0""},{""x"":""34"",""y"":""98"",""s"":""6"",""f"":""0""},{""x"":""35"",""y"":""84"",""s"":""6"",""f"":""0""},{""x"":""37"",""y"":""69"",""s"":""6"",""f"":""0""},{""x"":""27"",""y"":""62"",""s"":""6"",""f"":""0""},{""x"":""19"",""y"":""68"",""s"":""6"",""f"":""0""}]}",43001
3,"{""width"":""87"",""height"":195,""points"":[{""x"":""22"",""y"":""65"",""s"":""10"",""f"":""0""},{""x"":""16"",""y"":""136"",""s"":""10"",""f"":""0""},{""x"":""32"",""y"":""100"",""s"":""10"",""f"":""0""},{""x"":""38"",""y"":""56"",""s"":""8"",""f"":""0""},{""x"":""54"",""y"":""57"",""s"":""7"",""f"":""0""},{""x"":""63"",""y"":""67"",""s"":""6"",""f"":""0""},{""x"":""66"",""y"":""80"",""s"":""6"",""f"":""0""},{""x"":""57"",""y"":""91"",""s"":""7"",""f"":""0""},{""x"":""47"",""y"":""99"",""s"":""7"",""f"":""0""},{""x"":""56"",""y"":""106"",""s"":""7"",""f"":""0""},{""x"":""64"",""y"":""117"",""s"":""6"",""f"":""0""},{""x"":""65"",""y"":""129"",""s"":""6"",""f"":""0""},{""x"":""59"",""y"":""138"",""s"":""7"",""f"":""0""},{""x"":""49"",""y"":""144"",""s"":""7"",""f"":""0""},{""x"":""31"",""y"":""144"",""s"":""7"",""f"":""0""}]}",44001
&gt;,"{""width"":""55"",""height"":195,""points"":[{""x"":""15"",""y"":""83"",""s"":""5"",""f"":""0""},{""x"":""24"",""y"":""90"",""s"":""5"",""f"":""0""},{""x"":""31"",""y"":""97"",""s"":""5"",""f"":""0""},{""x"":""39"",""y"":""105"",""s"":""5"",""f"":""0""},{""x"":""34"",""y"":""114"",""s"":""5"",""f"":""0""},{""x"":""26"",""y"":""120"",""s"":""5"",""f"":""0""},{""x"":""19"",""y"":""125"",""s"":""5"",""f"":""0""},{""x"":""10"",""y"":""132"",""s"":""5"",""f"":""0""}]}",44002
6,"{""width"":""87"",""height"":195,""points"":[{""x"":""65"",""y"":""145"",""s"":""10"",""f"":""0""},{""x"":""46"",""y"":""151"",""s"":""9"",""f"":""0""},{""x"":""70"",""y"":""127"",""s"":""8"",""f"":""0""},{""x"":""66"",""y"":""111"",""s"":""8"",""f"":""0""},{""x"":""26"",""y"":""148"",""s"":""7"",""f"":""0""},{""x"":""52"",""y"":""100"",""s"":""7"",""f"":""0""},{""x"":""18"",""y"":""131"",""s"":""7"",""f"":""55""},{""x"":""15"",""y"":""114"",""s"":""7"",""f"":""55""},{""x"":""37"",""y"":""97"",""s"":""7"",""f"":""75""},{""x"":""20"",""y"":""102"",""s"":""7"",""f"":""75""},{""x"":""23"",""y"":""86"",""s"":""7"",""f"":""75""},{""x"":""34"",""y"":""72"",""s"":""7"",""f"":""110""},{""x"":""44"",""y"":""61"",""s"":""7"",""f"":""140""},{""x"":""55"",""y"":""49"",""s"":""7"",""f"":""140""}]}",45001
8,"{""width"":""87"",""height"":195,""points"":[{""x"":""43"",""y"":""98"",""s"":""10"",""f"":""0""},{""x"":""61"",""y"":""90"",""s"":""8"",""f"":""0""},{""x"":""58"",""y"":""105"",""s"":""8"",""f"":""45""},{""x"":""27"",""y"":""107"",""s"":""8"",""f"":""45""},{""x"":""24"",""y"":""91"",""s"":""7"",""f"":""75""},{""x"":""67"",""y"":""73"",""s"":""7"",""f"":""75""},{""x"":""21"",""y"":""75"",""s"":""7"",""f"":""75""},{""x"":""29"",""y"":""61"",""s"":""7"",""f"":""75""},{""x"":""58"",""y"":""61"",""s"":""6"",""f"":""115""},{""x"":""46"",""y"":""55"",""s"":""6"",""f"":""115""},{""x"":""17"",""y"":""118"",""s"":""7"",""f"":""80""},{""x"":""67"",""y"":""118"",""s"":""7"",""f"":""80""},{""x"":""69"",""y"":""131"",""s"":""7"",""f"":""80""},{""x"":""16"",""y"":""133"",""s"":""6"",""f"":""105""},{""x"":""66"",""y"":""142"",""s"":""6"",""f"":""105""},{""x"":""23"",""y"":""146"",""s"":""6"",""f"":""105""},{""x"":""33"",""y"":""151"",""s"":""6"",""f"":""105""},{""x"":""57"",""y"":""151"",""s"":""5"",""f"":""150""},{""x"":""46"",""y"":""154"",""s"":""5"",""f"":""150""}]}",46001
),"{""width"":""53"",""height"":195,""points"":[{""x"":""15"",""y"":""179"",""s"":""10"",""f"":""0""},{""x"":""15"",""y"":""51"",""s"":""10"",""f"":""0""},{""x"":""29"",""y"":""165"",""s"":""9"",""f"":""90""},{""x"":""27"",""y"":""63"",""s"":""9"",""f"":""90""},{""x"":""34"",""y"":""79"",""s"":""9"",""f"":""90""},{""x"":""37"",""y"":""151"",""s"":""8"",""f"":""110""},{""x"":""41"",""y"":""133"",""s"":""8"",""f"":""110""},{""x"":""41"",""y"":""96"",""s"":""8"",""f"":""110""},{""x"":""44"",""y"":""113"",""s"":""7"",""f"":""160""}]}",47001
.,"{""width"":""37"",""height"":195,""points"":[{""x"":""19"",""y"":""152"",""s"":""6"",""f"":""200""}]}",48001
;,"{""width"":""44"",""height"":195,""points"":[{""x"":""21"",""y"":""91"",""s"":""10"",""f"":""0""},{""x"":""21"",""y"":""144"",""s"":""8"",""f"":""105""},{""x"":""11"",""y"":""155"",""s"":""6"",""f"":""175""}]}",49001
[,"{""width"":""55"",""height"":195,""points"":[{""x"":""40"",""y"":""57"",""s"":""5"",""f"":""0""},{""x"":""31"",""y"":""58"",""s"":""5"",""f"":""0""},{""x"":""20"",""y"":""57"",""s"":""8"",""f"":""0""},{""x"":""20"",""y"":""72"",""s"":""8"",""f"":""0""},{""x"":""20"",""y"":""85"",""s"":""8"",""f"":""0""},{""x"":""20"",""y"":""100"",""s"":""8"",""f"":""0""},{""x"":""20"",""y"":""115"",""s"":""8"",""f"":""0""},{""x"":""20"",""y"":""127"",""s"":""8"",""f"":""0""},{""x"":""19"",""y"":""144"",""s"":""8"",""f"":""0""},{""x"":""17"",""y"":""160"",""s"":""8"",""f"":""0""},{""x"":""17"",""y"":""175"",""s"":""8"",""f"":""0""},{""x"":""29"",""y"":""177"",""s"":""6"",""f"":""0""},{""x"":""41"",""y"":""176"",""s"":""5"",""f"":""0""}]}",50001
],"{""width"":""55"",""height"":195,""points"":[{""x"":""20"",""y"":""58"",""s"":""5"",""f"":""0""},{""x"":""30"",""y"":""58"",""s"":""5"",""f"":""0""},{""x"":""40"",""y"":""58"",""s"":""8"",""f"":""0""},{""x"":""41"",""y"":""74"",""s"":""8"",""f"":""0""},{""x"":""41"",""y"":""92"",""s"":""8"",""f"":""0""},{""x"":""41"",""y"":""109"",""s"":""8"",""f"":""0""},{""x"":""41"",""y"":""127"",""s"":""8"",""f"":""0""},{""x"":""41"",""y"":""144"",""s"":""8"",""f"":""0""},{""x"":""40"",""y"":""159"",""s"":""8"",""f"":""0""},{""x"":""40"",""y"":""172"",""s"":""8"",""f"":""0""},{""x"":""27"",""y"":""174"",""s"":""6"",""f"":""0""},{""x"":""15"",""y"":""175"",""s"":""6"",""f"":""0""}]}",51001
{,"{""width"":""53"",""height"":195,""points"":[{""x"":""6"",""y"":""115"",""s"":""10"",""f"":""0""},{""x"":""20"",""y"":""105"",""s"":""7"",""f"":""0""},{""x"":""20"",""y"":""89"",""s"":""7"",""f"":""0""},{""x"":""20"",""y"":""73"",""s"":""7"",""f"":""0""},{""x"":""22"",""y"":""58"",""s"":""7"",""f"":""0""},{""x"":""18"",""y"":""126"",""s"":""7"",""f"":""0""},{""x"":""20"",""y"":""140"",""s"":""7"",""f"":""0""},{""x"":""21"",""y"":""152"",""s"":""7"",""f"":""0""},{""x"":""23"",""y"":""166"",""s"":""6"",""f"":""105""},{""x"":""31"",""y"":""172"",""s"":""6"",""f"":""105""},{""x"":""44"",""y"":""172"",""s"":""6"",""f"":""105""},{""x"":""33"",""y"":""49"",""s"":""6"",""f"":""105""},{""x"":""47"",""y"":""49"",""s"":""6"",""f"":""105""}]}",52001
|,"{""width"":""61"",""height"":195,""points"":[{""x"":""33"",""y"":""41"",""s"":""5"",""f"":""0""},{""x"":""33"",""y"":""53"",""s"":""5"",""f"":""60""},{""x"":""31"",""y"":""65"",""s"":""5"",""f"":""60""},{""x"":""32"",""y"":""79"",""s"":""5"",""f"":""120""},{""x"":""32"",""y"":""92"",""s"":""5"",""f"":""120""},{""x"":""31"",""y"":""107"",""s"":""5"",""f"":""170""},{""x"":""30"",""y"":""122"",""s"":""5"",""f"":""90""},{""x"":""29"",""y"":""136"",""s"":""5"",""f"":""40""},{""x"":""28"",""y"":""147"",""s"":""5"",""f"":""40""},{""x"":""28"",""y"":""159"",""s"":""5"",""f"":""15""},{""x"":""27"",""y"":""171"",""s"":""5"",""f"":""15""}]}",53001
